Workbook
Name 回避: '49. リトル・マック'!$104:$110
Name 必殺技: '34. フシギソウ'!$52:$66
Name 回避: 'コピー'!$107:$113
Name 必殺技: '36. ディディーコング'!$58:$82
Name 共通動作: '55. パックマン'!$109:$137
Name 空中攻撃: '30. ワリオ'!$41:$52
Name 地上攻撃: '48. ロゼッタ&チコ'!$24:$57
Name つかみ・投げ: '69. ガオガエン'!$90:$107
Name つかみ・投げ: '70. パックンフラワー'!$87:$101
Name 行動フレーム・能力値: '66. リヒター'!$15:$22
Name 空中攻撃: '29. ゼロスーツサムス'!$45:$56
Name つかみ・投げ: '47. Wii Fit トレーナー'!$91:$105
Name 行動フレーム・能力値: '46. ロックマン'!$15:$22
Name 共通動作: '51. 格闘Mii'!$157:$185
Name 回避: '48. ロゼッタ&チコ'!$109:$115
Name 地上攻撃: '19. ピチュー'!$24:$37
Name 共通動作: '39. デデデ'!$112:$140
Name 共通動作: '49. リトル・マック'!$112:$140
Name 共通動作: '44. ウルフ'!$95:$123
Name 回避: '44. ウルフ'!$87:$93
Name つかみ・投げ: '40. ピクミン&オリマー'!$120:$144
Name 空中攻撃: '56. ルフレ'!$49:$69
Name 回避: '67. キングクルール'!$105:$111
Name 必殺技: '66. リヒター'!$56:$72
Name 地上攻撃: '64. インクリング'!$24:$50
Name 行動フレーム・能力値: '33. ゼニガメ'!$15:$22
Name 地上攻撃: '41. ルカリオ'!$32:$48
Name 回避: '40. ピクミン&オリマー'!$146:$152
Name 地上攻撃: '15. アイスクライマー'!$30:$42
Name つかみ・投げ: '57. シュルク'!$97:$111
Name 共通動作: '40. ピクミン&オリマー'!$154:$182
Name 共通動作: '70. パックンフラワー'!$111:$139
Name 必殺技: '31. スネーク'!$61:$90
Name つかみ・投げ: '46. ロックマン'!$95:$109
Name 回避: '46. ロックマン'!$111:$117
Name 共通動作: '66. シモン'!$97:$125
Name 必殺技: '57. シュルク'!$75:$95
Name 地上攻撃: '59. ダックハント'!$24:$45
Name 地上攻撃: '58. クッパ Jr.'!$24:$46
Name 回避: '56. ルフレ'!$116:$122
Name 共通動作: '69. ガオガエン'!$117:$145
Name 必殺技: '41. ルカリオ'!$62:$79
Name 地上攻撃: '67. キングクルール'!$24:$47
Name 行動フレーム・能力値: '41. ルカリオ'!$15:$22
Name 行動フレーム・能力値: '40. ピクミン&オリマー'!$15:$22
Name 必殺技: '51. 格闘Mii'!$54:$130
Name 行動フレーム・能力値: '70. パックンフラワー'!$15:$22
Name 必殺技: '58. クッパ Jr.'!$65:$88
Name つかみ・投げ: '50. ゲッコウガ'!$90:$104
Name 必殺技: '44. ウルフ'!$51:$67
Name 回避: '66. シモン'!$89:$95
Name 行動フレーム・能力値: '35. リザードン'!$15:$22
Name 共通動作: '45. むらびと'!$126:$154
Name つかみ・投げ: '68. しずえ'!$86:$100
Name 空中攻撃: '49. リトル・マック'!$46:$52
Name 回避: '57. シュルク'!$113:$119
Name 行動フレーム・能力値: '49. リトル・マック'!$15:$22
Name 地上攻撃: '39. デデデ'!$24:$43
Name 必殺技: '50. ゲッコウガ'!$63:$88
Name 行動フレーム・能力値: '30. ワリオ'!$15:$22

Sheet トップページ
A2: トップページ | G2: 主な編集者
G3: =HYPERLINK("https://twitter.com/Meshima_","@Meshima_") -> @Meshima_
G4: =HYPERLINK("https://twitter.com/gengar6tomo ","@gengar6tomo") -> @gengar6tomo
G5: =HYPERLINK("https://twitter.com/drafix570","@drafix570") -> @drafix570
A6: =HYPERLINK("https://www65.atwiki.jp/smashsp_kensyou/pages/46.html","軽量版シートまとめはこちら") -> 軽量版シートまとめはこちら
A7: =HYPERLINK("https://www65.atwiki.jp/smashsp_kensyou/","SP検証wiki") -> SP検証wiki | C7: =HYPERLINK("https://twitter.com/SmashSP_kensyou","Twitter") -> Twitter | E7: Discord | G7: =HYPERLINK("https://www.youtube.com/channel/UCzrAavy2PolObtI65CZE_cg/videos","Youtube") -> Youtube
A11: 利用方法
A12: ・画面左下の＋ボタンの右、「亖ボタン」から各ファイターのページに飛ぶことができます。 ・各ファイターページ上部にある「＋ボタン」をクリックすることで、詳細情報を開くことができます。
A15: ※初めての方は「必ず」読んでください
A18: リンクについて
A19: 当スプレッドシートはリンクフリー、掲載内容も転載自由です（免責事項をよくお読みください）。 転載の際は引用元として当wikiの名前を挙げていただけると幸いです。
A22: 免責事項
A23: 編集者は、当シートにコンテンツを掲載するにあたってその内容について細心の注意を払っておりますが、 コンテンツの内容が正確であるかどうか、最新のものであるかどうか等について保証をするものではなく、 何らかの責任を負うものではありません。 また、編集者は通知することなく当シートに掲載した情報の訂正、修正、追加、中断、削除等をいつでも 行うことができるものとします。当シート、またはコンテンツのご利用により、万一何らかの不都合や 損害が発生したとしても、責任は負いかねますのでご了承お願いいたします。
A29: 連絡・報告など
A30: お手数ですが、誤りなどを発見した場合にはTwitterやDiscord等で編集者に知らせていただければ幸いです。 また、不明な点があった場合にも同様の方法で編集者にコンタクトしていただければ返信いたします。
A33: 外部リンク
A34: =HYPERLINK("http://smashwiki.info/%E3%83%A1%E3%82%A4%E3%83%B3%E3%83%9A%E3%83%BC%E3%82%B8","大乱闘スマッシュブラザーズwiki") -> 大乱闘スマッシュブラザーズwiki | D34: 有志の方によるwiki。 キャラクター・アイテム・ステージ・ゲームモードなど、 幅広い情報を手に入れることができる。
A35: =HYPERLINK("https://rubendal.github.io/SSBU-Calculator/","Smash Ultimate Calculator [WIP]") -> Smash Ultimate Calculator [WIP] | D35: Ruben氏(@Ruben_dal)による計算サイト。 ヒットストップ・やられ硬直・硬直差などを逐一計算できる。
A37: シートの閲覧方法
A38: =HYPERLINK("https://i.imgur.com/hKGd2PV.png", "トップページ") -> トップページ
A39: =IMAGE("https://i.imgur.com/hKGd2PV.png",1) -> #REF!
A62: =HYPERLINK("https://i.imgur.com/hKGd2PV.png","ファイター個別ページ") -> ファイター個別ページ
A63: =IMAGE("https://i.imgur.com/UnjnBNK.png",1) -> #REF!
A88: =HYPERLINK("https://i.imgur.com/qAl8YPs.png","パラメータページ：並べ替え") -> パラメータページ：並べ替え
A89: =IMAGE("https://i.imgur.com/qAl8YPs.png",1) -> #REF!
A125: その他
D127: (M) 了解。 | H127: (M) できれば共有アカウントを使いたくない（切り替えがめんどい）ですし所有者はDRAFIXさんでいい気はします、メンバーには所有権譲渡で
B129: -> Discord自体の目的
C130: -> Kurogane鯖のように質問などを受け付ける
D131: (M) 人手がたりなさそうだが、仕様変更点報告チャンネルみたいなのはできれば欲しい
D132: (D) Discordは表・裏の2窓体制に。表の方をKH風の自由投稿窓にして、報告やTwitterまとめなどのチャンネルを設ける
D133: (M) 上と同じで表・裏のDiscord統一でいい気がします
D134: (D) 限定チャンネルが疎外感を生むかと思っての提案でしたが、確かに管理や裏メンバー勧誘などを考えると一窓のほうが楽ですね。統一しちゃいましょう。
A135: ・フレーム表以外の検証
B136: -> 少なくともRuben氏はふっとび関連、Arthur氏は回避関連はやるらしい
C137: (M) トレモを使って検証する場合、まずトレモに変な仕様がないかを調べる
C138: (M) 被らないように比較的細かいところを、まずはつかみ関連・投げ無敵・投げアーマー（Xのが復活してる様子）・受け身あたり
C139: (M) 体験版までに「forのこいくち操作マニュアル」を作成し、新作で変更点がないかしらみつぶしに調べる
C140: (D) ガード・ジャスガ、小ジャンプ攻撃。
C141: (D) 検証に役立つワザと仕様の確認。2Fスキップ、1F発生弱、シールド発生など。
C142: (D) 隠し要素、モード詳細などはひとまず総合wikiのほうに任せる。
C143: (M) 一応マックの弱1は1F発生なの確認済です、でもデモ版か
C144: (M) 了解です。体験版出てから発売日までにできるだけ仕様関連は検証しときたいですね、本編発売されたら癖のありそうな新キャラとアイクラの仕様をまとめると思います
A146: ・共用アカウントについて
B147: ->共用のYoutubeアカウントが欲しいと思うが、どうか。
C148: (M) やはりGoogleアカウントの共有はめんどうなので、DRAFIXさんか自分のYoutubeチャンネルに共同管理者を招待する形が嬉しい
C149: (D) では後日私がチャンネルを開設して招待しましょう。今のところは検証wiki用の動画を上げる程度の利用を想定しています。

Sheet 1. マリオ
A1: 1 | C1: =IMAGE(VLOOKUP($A$1,Fighters!A2:AI114,12,FALSE),1) -> #REF!
A2: =VLOOKUP($A$1,Fighters!$A$2:$AI$81,6,FALSE) -> #ec2320
A3: =VLOOKUP($A$1,Fighters!$A$2:$AI$81,14,FALSE) -> 1. マリオ
A4: =VLOOKUP($A$1,Fighters!$A$2:$AI$81,13,FALSE) -> 0
I6: 最終更新
H8: 44379.843
A11: 最終更新：
A15: 行動フレーム・能力値
C16: 行動フレーム | E16: 能力値 | G16: 滞空フレーム | K16: ='テンプレート'!K16 -> 能力値その他
A17: ='テンプレート'!A17 -> ジャンプ回数 | B17: 2回 | C17: ='テンプレート'!C17 -> ジャンプ踏切 | D17: {=IF(INDEX('行動フレーム・能力値'!$C$2:$AD$115, MATCH($A$1,'行動フレーム・能力値'!$A$2:$A$115,0), MATCH(C17,'行動フレーム・能力値'!$C$1:$AD$1,0))="-", "-", INDEX('行動フレーム・能力値'!$C$2:$AD$115, MATCH($A$1,'行動フレーム・能力値'!$A$2:$A$115,0), MATCH(C17,'行動フレーム・能力値'!$C$1:$AD$1,0))&"F")} -> 3F | E17: ='テンプレート'!E17 -> 体重 | F17: {=IF(INDEX('行動フレーム・能力値'!$C$2:$AD$115, MATCH($A$1,'行動フレーム・能力値'!$A$2:$A$115,0), MATCH(E17,'行動フレーム・能力値'!$C$1:$AD$1,0))="-", "-", INDEX('行動フレーム・能力値'!$C$2:$AD$115, MATCH($A$1,'行動フレーム・能力値'!$A$2:$A$115,0), MATCH(E17,'行動フレーム・能力値'!$C$1:$AD$1,0))&" ["&INDEX('行動フレーム・能力値'!$C$2:$AD$115, MATCH($A$1,'行動フレーム・能力値'!$A$2:$A$115,0), MATCH(E17,'行動フレーム・能力値'!$C$1:$AD$1,0)-1)&IF(AND(INDEX('行動フレーム・能力値'!$C$2:$AD$115, MATCH($A$1,'行動フレーム・能力値'!$A$2:$A$115,0), MATCH(E17,'行動フレーム・能力値'!$C$1:$AD$1,0)-1)>=11, INDEX('行動フレーム・能力値'!$C$2:$AD$115, MATCH($A$1,'行動フレーム・能力値'!$A$2:$A$115,0), MATCH(E17,'行動フレーム・能力値'!$C$1:$AD$1,0)-1)<=13),"th",CHOOSE(MIN(5,RIGHT(INDEX('行動フレーム・能力値'!$C$2:$AD$115, MATCH($A$1,'行動フレーム・能力値'!$A$2:$A$115,0), MATCH(E17,'行動フレーム・能力値'!$C$1:$AD$1,0)-1))+1),"th","st","nd","rd","th"))&"]")} -> 98 [33rd] | G17: ='テンプレート'!G17 -> 小J滞空 | H17: {=IF(INDEX('行動フレーム・能力値'!$C$2:$AD$115, MATCH($A$1,'行動フレーム・能力値'!$A$2:$A$115,0), MATCH(G17,'行動フレーム・能力値'!$C$1:$AD$1,0))="-", "-", INDEX('行動フレーム・能力値'!$C$2:$AD$115, MATCH($A$1,'行動フレーム・能力値'!$A$2:$A$115,0), MATCH(G17,'行動フレーム・能力値'!$C$1:$AD$1,0))&"F")} -> 40F | K17: ='テンプレート'!K17 -> ダッシュ初速 | L17: {=IF(INDEX('能力値その他'!$C$2:$AD$115, MATCH($A$1,'能力値その他'!$A$2:$A$115,0), MATCH(K17,'能力値その他'!$C$1:$AD$1,0))="-", "-", INDEX('能力値その他'!$C$2:$AD$115, MATCH($A$1,'能力値その他'!$A$2:$A$115,0), MATCH(K17,'能力値その他'!$C$1:$AD$1,0))&" ["&INDEX('能力値その他'!$C$2:$AD$115, MATCH($A$1,'能力値その他'!$A$2:$A$115,0), MATCH(K17,'能力値その他'!$C$1:$AD$1,0)-1)&IF(AND(INDEX('能力値その他'!$C$2:$AD$115, MATCH($A$1,'能力値その他'!$A$2:$A$115,0), MATCH(K17,'能力値その他'!$C$1:$AD$1,0)-1)>=11, INDEX('能力値その他'!$C$2:$AD$115, MATCH($A$1,'能力値その他'!$A$2:$A$115,0), MATCH(K17,'能力値その他'!$C$1:$AD$1,0)-1)<=13),"th",CHOOSE(MIN(5,RIGHT(INDEX('能力値その他'!$C$2:$AD$115, MATCH($A$1,'能力値その他'!$A$2:$A$115,0), MATCH(K17,'能力値その他'!$C$1:$AD$1,0)-1))+1),"th","st","nd","rd","th"))&"]")} -> 1.936 [38th] | M17: ='テンプレート'!M17 -> 大J初速 | N17: {=IF(INDEX('能力値その他'!$C$2:$AD$115, MATCH($A$1,'能力値その他'!$A$2:$A$115,0), MATCH(M17,'能力値その他'!$C$1:$AD$1,0))="-", "-", INDEX('能力値その他'!$C$2:$AD$115, MATCH($A$1,'能力値その他'!$A$2:$A$115,0), MATCH(M17,'能力値その他'!$C$1:$AD$1,0))&" ["&INDEX('能力値その他'!$C$2:$AD$115, MATCH($A$1,'能力値その他'!$A$2:$A$115,0), MATCH(M17,'能力値その他'!$C$1:$AD$1,0)-1)&IF(AND(INDEX('能力値その他'!$C$2:$AD$115, MATCH($A$1,'能力値その他'!$A$2:$A$115,0), MATCH(M17,'能力値その他'!$C$1:$AD$1,0)-1)>=11, INDEX('能力値その他'!$C$2:$AD$115, MATCH($A$1,'能力値その他'!$A$2:$A$115,0), MATCH(M17,'能力値その他'!$C$1:$AD$1,0)-1)<=13),"th",CHOOSE(MIN(5,RIGHT(INDEX('能力値その他'!$C$2:$AD$115, MATCH($A$1,'能力値その他'!$A$2:$A$115,0), MATCH(M17,'能力値その他'!$C$1:$AD$1,0)-1))+1),"th","st","nd","rd","th"))&"]")} -> -
A18: ='テンプレート'!A18 -> しゃがみ歩き | B18: FALSE | C18: ='テンプレート'!C18 -> 小着地 | D18: {=IF(INDEX('行動フレーム・能力値'!$C$2:$AD$115, MATCH($A$1,'行動フレーム・能力値'!$A$2:$A$115,0), MATCH(C18,'行動フレーム・能力値'!$C$1:$AD$1,0))="-", "-", INDEX('行動フレーム・能力値'!$C$2:$AD$115, MATCH($A$1,'行動フレーム・能力値'!$A$2:$A$115,0), MATCH(C18,'行動フレーム・能力値'!$C$1:$AD$1,0))&"F")} -> 2F | E18: ='テンプレート'!E18 -> 歩行速度 | F18: {=IF(INDEX('行動フレーム・能力値'!$C$2:$AD$115, MATCH($A$1,'行動フレーム・能力値'!$A$2:$A$115,0), MATCH(E18,'行動フレーム・能力値'!$C$1:$AD$1,0))="-", "-", INDEX('行動フレーム・能力値'!$C$2:$AD$115, MATCH($A$1,'行動フレーム・能力値'!$A$2:$A$115,0), MATCH(E18,'行動フレーム・能力値'!$C$1:$AD$1,0))&" ["&INDEX('行動フレーム・能力値'!$C$2:$AD$115, MATCH($A$1,'行動フレーム・能力値'!$A$2:$A$115,0), MATCH(E18,'行動フレーム・能力値'!$C$1:$AD$1,0)-1)&IF(AND(INDEX('行動フレーム・能力値'!$C$2:$AD$115, MATCH($A$1,'行動フレーム・能力値'!$A$2:$A$115,0), MATCH(E18,'行動フレーム・能力値'!$C$1:$AD$1,0)-1)>=11, INDEX('行動フレーム・能力値'!$C$2:$AD$115, MATCH($A$1,'行動フレーム・能力値'!$A$2:$A$115,0), MATCH(E18,'行動フレーム・能力値'!$C$1:$AD$1,0)-1)<=13),"th",CHOOSE(MIN(5,RIGHT(INDEX('行動フレーム・能力値'!$C$2:$AD$115, MATCH($A$1,'行動フレーム・能力値'!$A$2:$A$115,0), MATCH(E18,'行動フレーム・能力値'!$C$1:$AD$1,0)-1))+1),"th","st","nd","rd","th"))&"]")} -> 1.155 [35th] | G18: ='テンプレート'!G18 -> 大J滞空 | H18: {=IF(INDEX('行動フレーム・能力値'!$C$2:$AD$115, MATCH($A$1,'行動フレーム・能力値'!$A$2:$A$115,0), MATCH(G18,'行動フレーム・能力値'!$C$1:$AD$1,0))="-", "-", INDEX('行動フレーム・能力値'!$C$2:$AD$115, MATCH($A$1,'行動フレーム・能力値'!$A$2:$A$115,0), MATCH(G18,'行動フレーム・能力値'!$C$1:$AD$1,0))&"F")} -> 56F | K18: ='テンプレート'!K18 -> 走行加速 | L18: {=IF(INDEX('能力値その他'!$C$2:$AD$115, MATCH($A$1,'能力値その他'!$A$2:$A$115,0), MATCH(K18,'能力値その他'!$C$1:$AD$1,0))="-", "-", INDEX('能力値その他'!$C$2:$AD$115, MATCH($A$1,'能力値その他'!$A$2:$A$115,0), MATCH(K18,'能力値その他'!$C$1:$AD$1,0))&" ["&INDEX('能力値その他'!$C$2:$AD$115, MATCH($A$1,'能力値その他'!$A$2:$A$115,0), MATCH(K18,'能力値その他'!$C$1:$AD$1,0)-1)&IF(AND(INDEX('能力値その他'!$C$2:$AD$115, MATCH($A$1,'能力値その他'!$A$2:$A$115,0), MATCH(K18,'能力値その他'!$C$1:$AD$1,0)-1)>=11, INDEX('能力値その他'!$C$2:$AD$115, MATCH($A$1,'能力値その他'!$A$2:$A$115,0), MATCH(K18,'能力値その他'!$C$1:$AD$1,0)-1)<=13),"th",CHOOSE(MIN(5,RIGHT(INDEX('能力値その他'!$C$2:$AD$115, MATCH($A$1,'能力値その他'!$A$2:$A$115,0), MATCH(K18,'能力値その他'!$C$1:$AD$1,0)-1))+1),"th","st","nd","rd","th"))&"]")} -> 0.15378 [27th] | M18: ='テンプレート'!M18 -> 大J高度 | N18: {=IF(INDEX('能力値その他'!$C$2:$AD$115, MATCH($A$1,'能力値その他'!$A$2:$A$115,0), MATCH(M18,'能力値その他'!$C$1:$AD$1,0))="-", "-", INDEX('能力値その他'!$C$2:$AD$115, MATCH($A$1,'能力値その他'!$A$2:$A$115,0), MATCH(M18,'能力値その他'!$C$1:$AD$1,0))&" ["&INDEX('能力値その他'!$C$2:$AD$115, MATCH($A$1,'能力値その他'!$A$2:$A$115,0), MATCH(M18,'能力値その他'!$C$1:$AD$1,0)-1)&IF(AND(INDEX('能力値その他'!$C$2:$AD$115, MATCH($A$1,'能力値その他'!$A$2:$A$115,0), MATCH(M18,'能力値その他'!$C$1:$AD$1,0)-1)>=11, INDEX('能力値その他'!$C$2:$AD$115, MATCH($A$1,'能力値その他'!$A$2:$A$115,0), MATCH(M18,'能力値その他'!$C$1:$AD$1,0)-1)<=13),"th",CHOOSE(MIN(5,RIGHT(INDEX('能力値その他'!$C$2:$AD$115, MATCH($A$1,'能力値その他'!$A$2:$A$115,0), MATCH(M18,'能力値その他'!$C$1:$AD$1,0)-1))+1),"th","st","nd","rd","th"))&"]")} -> 36.33 [16th]
A19: ='テンプレート'!A19 -> カベジャンプ | B19: TRUE | C19: ='テンプレート'!C19 -> 大着地 | D19: {=IF(INDEX('行動フレーム・能力値'!$C$2:$AD$115, MATCH($A$1,'行動フレーム・能力値'!$A$2:$A$115,0), MATCH(C19,'行動フレーム・能力値'!$C$1:$AD$1,0))="-", "-", INDEX('行動フレーム・能力値'!$C$2:$AD$115, MATCH($A$1,'行動フレーム・能力値'!$A$2:$A$115,0), MATCH(C19,'行動フレーム・能力値'!$C$1:$AD$1,0))&"F")} -> 4F | E19: ='テンプレート'!E19 -> 走行速度 | F19: {=IF(INDEX('行動フレーム・能力値'!$C$2:$AD$115, MATCH($A$1,'行動フレーム・能力値'!$A$2:$A$115,0), MATCH(E19,'行動フレーム・能力値'!$C$1:$AD$1,0))="-", "-", INDEX('行動フレーム・能力値'!$C$2:$AD$115, MATCH($A$1,'行動フレーム・能力値'!$A$2:$A$115,0), MATCH(E19,'行動フレーム・能力値'!$C$1:$AD$1,0))&" ["&INDEX('行動フレーム・能力値'!$C$2:$AD$115, MATCH($A$1,'行動フレーム・能力値'!$A$2:$A$115,0), MATCH(E19,'行動フレーム・能力値'!$C$1:$AD$1,0)-1)&IF(AND(INDEX('行動フレーム・能力値'!$C$2:$AD$115, MATCH($A$1,'行動フレーム・能力値'!$A$2:$A$115,0), MATCH(E19,'行動フレーム・能力値'!$C$1:$AD$1,0)-1)>=11, INDEX('行動フレーム・能力値'!$C$2:$AD$115, MATCH($A$1,'行動フレーム・能力値'!$A$2:$A$115,0), MATCH(E19,'行動フレーム・能力値'!$C$1:$AD$1,0)-1)<=13),"th",CHOOSE(MIN(5,RIGHT(INDEX('行動フレーム・能力値'!$C$2:$AD$115, MATCH($A$1,'行動フレーム・能力値'!$A$2:$A$115,0), MATCH(E19,'行動フレーム・能力値'!$C$1:$AD$1,0)-1))+1),"th","st","nd","rd","th"))&"]")} -> 1.76 [37th] | G19: ='テンプレート'!G19 -> 小J急降下滞空 | H19: {=IF(INDEX('行動フレーム・能力値'!$C$2:$AD$115, MATCH($A$1,'行動フレーム・能力値'!$A$2:$A$115,0), MATCH(G19,'行動フレーム・能力値'!$C$1:$AD$1,0))="-", "-", INDEX('行動フレーム・能力値'!$C$2:$AD$115, MATCH($A$1,'行動フレーム・能力値'!$A$2:$A$115,0), MATCH(G19,'行動フレーム・能力値'!$C$1:$AD$1,0))&"F")} -> 28F | K19: ='テンプレート'!K19 -> 地上抵抗 | L19: {=IF(INDEX('能力値その他'!$C$2:$AD$115, MATCH($A$1,'能力値その他'!$A$2:$A$115,0), MATCH(K19,'能力値その他'!$C$1:$AD$1,0))="-", "-", INDEX('能力値その他'!$C$2:$AD$115, MATCH($A$1,'能力値その他'!$A$2:$A$115,0), MATCH(K19,'能力値その他'!$C$1:$AD$1,0))&" ["&INDEX('能力値その他'!$C$2:$AD$115, MATCH($A$1,'能力値その他'!$A$2:$A$115,0), MATCH(K19,'能力値その他'!$C$1:$AD$1,0)-1)&IF(AND(INDEX('能力値その他'!$C$2:$AD$115, MATCH($A$1,'能力値その他'!$A$2:$A$115,0), MATCH(K19,'能力値その他'!$C$1:$AD$1,0)-1)>=11, INDEX('能力値その他'!$C$2:$AD$115, MATCH($A$1,'能力値その他'!$A$2:$A$115,0), MATCH(K19,'能力値その他'!$C$1:$AD$1,0)-1)<=13),"th",CHOOSE(MIN(5,RIGHT(INDEX('能力値その他'!$C$2:$AD$115, MATCH($A$1,'能力値その他'!$A$2:$A$115,0), MATCH(K19,'能力値その他'!$C$1:$AD$1,0)-1))+1),"th","st","nd","rd","th"))&"]")} -> 0.102 [61st] | M19: ='テンプレート'!M19 -> 小J高度 | N19: {=IF(INDEX('能力値その他'!$C$2:$AD$115, MATCH($A$1,'能力値その他'!$A$2:$A$115,0), MATCH(M19,'能力値その他'!$C$1:$AD$1,0))="-", "-", INDEX('能力値その他'!$C$2:$AD$115, MATCH($A$1,'能力値その他'!$A$2:$A$115,0), MATCH(M19,'能力値その他'!$C$1:$AD$1,0))&" ["&INDEX('能力値その他'!$C$2:$AD$115, MATCH($A$1,'能力値その他'!$A$2:$A$115,0), MATCH(M19,'能力値その他'!$C$1:$AD$1,0)-1)&IF(AND(INDEX('能力値その他'!$C$2:$AD$115, MATCH($A$1,'能力値その他'!$A$2:$A$115,0), MATCH(M19,'能力値その他'!$C$1:$AD$1,0)-1)>=11, INDEX('能力値その他'!$C$2:$AD$115, MATCH($A$1,'能力値その他'!$A$2:$A$115,0), MATCH(M19,'能力値その他'!$C$1:$AD$1,0)-1)<=13),"th",CHOOSE(MIN(5,RIGHT(INDEX('能力値その他'!$C$2:$AD$115, MATCH($A$1,'能力値その他'!$A$2:$A$115,0), MATCH(M19,'能力値その他'!$C$1:$AD$1,0)-1))+1),"th","st","nd","rd","th"))&"]")} -> 17.54 [16th]
A20: ='テンプレート'!A20 -> カベ張りつき | B20: FALSE | C20: 走行移行前F | D20: {=IF(INDEX('行動フレーム・能力値'!$C$2:$AD$115, MATCH($A$1,'行動フレーム・能力値'!$A$2:$A$115,0), MATCH(C20,'行動フレーム・能力値'!$C$1:$AD$1,0))="-", "-", INDEX('行動フレーム・能力値'!$C$2:$AD$115, MATCH($A$1,'行動フレーム・能力値'!$A$2:$A$115,0), MATCH(C20,'行動フレーム・能力値'!$C$1:$AD$1,0))&"F ["&INDEX('行動フレーム・能力値'!$C$2:$AD$115, MATCH($A$1,'行動フレーム・能力値'!$A$2:$A$115,0), MATCH(C20,'行動フレーム・能力値'!$C$1:$AD$1,0)-1)&IF(AND(INDEX('行動フレーム・能力値'!$C$2:$AD$115, MATCH($A$1,'行動フレーム・能力値'!$A$2:$A$115,0), MATCH(C20,'行動フレーム・能力値'!$C$1:$AD$1,0)-1)>=11, INDEX('行動フレーム・能力値'!$C$2:$AD$115, MATCH($A$1,'行動フレーム・能力値'!$A$2:$A$115,0), MATCH(C20,'行動フレーム・能力値'!$C$1:$AD$1,0)-1)<=13),"th",CHOOSE(MIN(5,RIGHT(INDEX('行動フレーム・能力値'!$C$2:$AD$115, MATCH($A$1,'行動フレーム・能力値'!$A$2:$A$115,0), MATCH(C20,'行動フレーム・能力値'!$C$1:$AD$1,0)-1))+1),"th","st","nd","rd","th"))&"]")} -> 10F [5th] | E20: ='テンプレート'!E20 -> 空中速度 | F20: {=IF(INDEX('行動フレーム・能力値'!$C$2:$AD$115, MATCH($A$1,'行動フレーム・能力値'!$A$2:$A$115,0), MATCH(E20,'行動フレーム・能力値'!$C$1:$AD$1,0))="-", "-", INDEX('行動フレーム・能力値'!$C$2:$AD$115, MATCH($A$1,'行動フレーム・能力値'!$A$2:$A$115,0), MATCH(E20,'行動フレーム・能力値'!$C$1:$AD$1,0))&" ["&INDEX('行動フレーム・能力値'!$C$2:$AD$115, MATCH($A$1,'行動フレーム・能力値'!$A$2:$A$115,0), MATCH(E20,'行動フレーム・能力値'!$C$1:$AD$1,0)-1)&IF(AND(INDEX('行動フレーム・能力値'!$C$2:$AD$115, MATCH($A$1,'行動フレーム・能力値'!$A$2:$A$115,0), MATCH(E20,'行動フレーム・能力値'!$C$1:$AD$1,0)-1)>=11, INDEX('行動フレーム・能力値'!$C$2:$AD$115, MATCH($A$1,'行動フレーム・能力値'!$A$2:$A$115,0), MATCH(E20,'行動フレーム・能力値'!$C$1:$AD$1,0)-1)<=13),"th",CHOOSE(MIN(5,RIGHT(INDEX('行動フレーム・能力値'!$C$2:$AD$115, MATCH($A$1,'行動フレーム・能力値'!$A$2:$A$115,0), MATCH(E20,'行動フレーム・能力値'!$C$1:$AD$1,0)-1))+1),"th","st","nd","rd","th"))&"]")} -> 1.208 [13th] | G20: ='テンプレート'!G20 -> 大J急降下滞空 | H20: {=IF(INDEX('行動フレーム・能力値'!$C$2:$AD$115, MATCH($A$1,'行動フレーム・能力値'!$A$2:$A$115,0), MATCH(G20,'行動フレーム・能力値'!$C$1:$AD$1,0))="-", "-", INDEX('行動フレーム・能力値'!$C$2:$AD$115, MATCH($A$1,'行動フレーム・能力値'!$A$2:$A$115,0), MATCH(G20,'行動フレーム・能力値'!$C$1:$AD$1,0))&"F")} -> 39F | K20: ='テンプレート'!K20 -> 空中加速 | L20: {=IF(INDEX('能力値その他'!$C$2:$AD$115, MATCH($A$1,'能力値その他'!$A$2:$A$115,0), MATCH(K20,'能力値その他'!$C$1:$AD$1,0))="-", "-", INDEX('能力値その他'!$C$2:$AD$115, MATCH($A$1,'能力値その他'!$A$2:$A$115,0), MATCH(K20,'能力値その他'!$C$1:$AD$1,0))&" ["&INDEX('能力値その他'!$C$2:$AD$115, MATCH($A$1,'能力値その他'!$A$2:$A$115,0), MATCH(K20,'能力値その他'!$C$1:$AD$1,0)-1)&IF(AND(INDEX('能力値その他'!$C$2:$AD$115, MATCH($A$1,'能力値その他'!$A$2:$A$115,0), MATCH(K20,'能力値その他'!$C$1:$AD$1,0)-1)>=11, INDEX('能力値その他'!$C$2:$AD$115, MATCH($A$1,'能力値その他'!$A$2:$A$115,0), MATCH(K20,'能力値その他'!$C$1:$AD$1,0)-1)<=13),"th",CHOOSE(MIN(5,RIGHT(INDEX('能力値その他'!$C$2:$AD$115, MATCH($A$1,'能力値その他'!$A$2:$A$115,0), MATCH(K20,'能力値その他'!$C$1:$AD$1,0)-1))+1),"th","st","nd","rd","th"))&"]")} -> 0.08 [31st] | M20: ='テンプレート'!M20 -> 空中J高度 | N20: {=IF(INDEX('能力値その他'!$C$2:$AD$115, MATCH($A$1,'能力値その他'!$A$2:$A$115,0), MATCH(M20,'能力値その他'!$C$1:$AD$1,0))="-", "-", INDEX('能力値その他'!$C$2:$AD$115, MATCH($A$1,'能力値その他'!$A$2:$A$115,0), MATCH(M20,'能力値その他'!$C$1:$AD$1,0))&" ["&INDEX('能力値その他'!$C$2:$AD$115, MATCH($A$1,'能力値その他'!$A$2:$A$115,0), MATCH(M20,'能力値その他'!$C$1:$AD$1,0)-1)&IF(AND(INDEX('能力値その他'!$C$2:$AD$115, MATCH($A$1,'能力値その他'!$A$2:$A$115,0), MATCH(M20,'能力値その他'!$C$1:$AD$1,0)-1)>=11, INDEX('能力値その他'!$C$2:$AD$115, MATCH($A$1,'能力値その他'!$A$2:$A$115,0), MATCH(M20,'能力値その他'!$C$1:$AD$1,0)-1)<=13),"th",CHOOSE(MIN(5,RIGHT(INDEX('能力値その他'!$C$2:$AD$115, MATCH($A$1,'能力値その他'!$A$2:$A$115,0), MATCH(M20,'能力値その他'!$C$1:$AD$1,0)-1))+1),"th","st","nd","rd","th"))&"]")} -> 36.33 [22nd]
A21: ='テンプレート'!A21 -> 空中ワイヤー | B21: FALSE | C21: ='テンプレート'!C21 -> ステップ全体F | D21: {=IF(INDEX('行動フレーム・能力値'!$C$2:$AD$115, MATCH($A$1,'行動フレーム・能力値'!$A$2:$A$115,0), MATCH(C21,'行動フレーム・能力値'!$C$1:$AD$1,0))="-", "-", INDEX('行動フレーム・能力値'!$C$2:$AD$115, MATCH($A$1,'行動フレーム・能力値'!$A$2:$A$115,0), MATCH(C21,'行動フレーム・能力値'!$C$1:$AD$1,0))&"F ["&INDEX('行動フレーム・能力値'!$C$2:$AD$115, MATCH($A$1,'行動フレーム・能力値'!$A$2:$A$115,0), MATCH(C21,'行動フレーム・能力値'!$C$1:$AD$1,0)-1)&IF(AND(INDEX('行動フレーム・能力値'!$C$2:$AD$115, MATCH($A$1,'行動フレーム・能力値'!$A$2:$A$115,0), MATCH(C21,'行動フレーム・能力値'!$C$1:$AD$1,0)-1)>=11, INDEX('行動フレーム・能力値'!$C$2:$AD$115, MATCH($A$1,'行動フレーム・能力値'!$A$2:$A$115,0), MATCH(C21,'行動フレーム・能力値'!$C$1:$AD$1,0)-1)<=13),"th",CHOOSE(MIN(5,RIGHT(INDEX('行動フレーム・能力値'!$C$2:$AD$115, MATCH($A$1,'行動フレーム・能力値'!$A$2:$A$115,0), MATCH(C21,'行動フレーム・能力値'!$C$1:$AD$1,0)-1))+1),"th","st","nd","rd","th"))&"]")} -> 19F [13th] | E21: ='テンプレート'!E21 -> 落下速度 | F21: {=IF(INDEX('行動フレーム・能力値'!$C$2:$AD$115, MATCH($A$1,'行動フレーム・能力値'!$A$2:$A$115,0), MATCH(E21,'行動フレーム・能力値'!$C$1:$AD$1,0))="-", "-", INDEX('行動フレーム・能力値'!$C$2:$AD$115, MATCH($A$1,'行動フレーム・能力値'!$A$2:$A$115,0), MATCH(E21,'行動フレーム・能力値'!$C$1:$AD$1,0))&" ["&INDEX('行動フレーム・能力値'!$C$2:$AD$115, MATCH($A$1,'行動フレーム・能力値'!$A$2:$A$115,0), MATCH(E21,'行動フレーム・能力値'!$C$1:$AD$1,0)-1)&IF(AND(INDEX('行動フレーム・能力値'!$C$2:$AD$115, MATCH($A$1,'行動フレーム・能力値'!$A$2:$A$115,0), MATCH(E21,'行動フレーム・能力値'!$C$1:$AD$1,0)-1)>=11, INDEX('行動フレーム・能力値'!$C$2:$AD$115, MATCH($A$1,'行動フレーム・能力値'!$A$2:$A$115,0), MATCH(E21,'行動フレーム・能力値'!$C$1:$AD$1,0)-1)<=13),"th",CHOOSE(MIN(5,RIGHT(INDEX('行動フレーム・能力値'!$C$2:$AD$115, MATCH($A$1,'行動フレーム・能力値'!$A$2:$A$115,0), MATCH(E21,'行動フレーム・能力値'!$C$1:$AD$1,0)-1))+1),"th","st","nd","rd","th"))&"]")} -> 1.5 [59th] | K21: ='テンプレート'!K21 -> 空中抵抗 | L21: {=IF(INDEX('能力値その他'!$C$2:$AD$115, MATCH($A$1,'能力値その他'!$A$2:$A$115,0), MATCH(K21,'能力値その他'!$C$1:$AD$1,0))="-", "-", INDEX('能力値その他'!$C$2:$AD$115, MATCH($A$1,'能力値その他'!$A$2:$A$115,0), MATCH(K21,'能力値その他'!$C$1:$AD$1,0))&" ["&INDEX('能力値その他'!$C$2:$AD$115, MATCH($A$1,'能力値その他'!$A$2:$A$115,0), MATCH(K21,'能力値その他'!$C$1:$AD$1,0)-1)&IF(AND(INDEX('能力値その他'!$C$2:$AD$115, MATCH($A$1,'能力値その他'!$A$2:$A$115,0), MATCH(K21,'能力値その他'!$C$1:$AD$1,0)-1)>=11, INDEX('能力値その他'!$C$2:$AD$115, MATCH($A$1,'能力値その他'!$A$2:$A$115,0), MATCH(K21,'能力値その他'!$C$1:$AD$1,0)-1)<=13),"th",CHOOSE(MIN(5,RIGHT(INDEX('能力値その他'!$C$2:$AD$115, MATCH($A$1,'能力値その他'!$A$2:$A$115,0), MATCH(K21,'能力値その他'!$C$1:$AD$1,0)-1))+1),"th","st","nd","rd","th"))&"]")} -> 0.015 [9th]
E22: ='テンプレート'!E22 -> 急降下速度 | F22: {=IF(INDEX('行動フレーム・能力値'!$C$2:$AD$115, MATCH($A$1,'行動フレーム・能力値'!$A$2:$A$115,0), MATCH(E22,'行動フレーム・能力値'!$C$1:$AD$1,0))="-", "-", INDEX('行動フレーム・能力値'!$C$2:$AD$115, MATCH($A$1,'行動フレーム・能力値'!$A$2:$A$115,0), MATCH(E22,'行動フレーム・能力値'!$C$1:$AD$1,0))&" ["&INDEX('行動フレーム・能力値'!$C$2:$AD$115, MATCH($A$1,'行動フレーム・能力値'!$A$2:$A$115,0), MATCH(E22,'行動フレーム・能力値'!$C$1:$AD$1,0)-1)&IF(AND(INDEX('行動フレーム・能力値'!$C$2:$AD$115, MATCH($A$1,'行動フレーム・能力値'!$A$2:$A$115,0), MATCH(E22,'行動フレーム・能力値'!$C$1:$AD$1,0)-1)>=11, INDEX('行動フレーム・能力値'!$C$2:$AD$115, MATCH($A$1,'行動フレーム・能力値'!$A$2:$A$115,0), MATCH(E22,'行動フレーム・能力値'!$C$1:$AD$1,0)-1)<=13),"th",CHOOSE(MIN(5,RIGHT(INDEX('行動フレーム・能力値'!$C$2:$AD$115, MATCH($A$1,'行動フレーム・能力値'!$A$2:$A$115,0), MATCH(E22,'行動フレーム・能力値'!$C$1:$AD$1,0)-1))+1),"th","st","nd","rd","th"))&"]")} -> 2.4 [57th] | K22: ='テンプレート'!K22 -> 重力 | L22: {=IF(INDEX('能力値その他'!$C$2:$AD$115, MATCH($A$1,'能力値その他'!$A$2:$A$115,0), MATCH(K22,'能力値その他'!$C$1:$AD$1,0))="-", "-", INDEX('能力値その他'!$C$2:$AD$115, MATCH($A$1,'能力値その他'!$A$2:$A$115,0), MATCH(K22,'能力値その他'!$C$1:$AD$1,0))&" ["&INDEX('能力値その他'!$C$2:$AD$115, MATCH($A$1,'能力値その他'!$A$2:$A$115,0), MATCH(K22,'能力値その他'!$C$1:$AD$1,0)-1)&IF(AND(INDEX('能力値その他'!$C$2:$AD$115, MATCH($A$1,'能力値その他'!$A$2:$A$115,0), MATCH(K22,'能力値その他'!$C$1:$AD$1,0)-1)>=11, INDEX('能力値その他'!$C$2:$AD$115, MATCH($A$1,'能力値その他'!$A$2:$A$115,0), MATCH(K22,'能力値その他'!$C$1:$AD$1,0)-1)<=13),"th",CHOOSE(MIN(5,RIGHT(INDEX('能力値その他'!$C$2:$AD$115, MATCH($A$1,'能力値その他'!$A$2:$A$115,0), MATCH(K22,'能力値その他'!$C$1:$AD$1,0)-1))+1),"th","st","nd","rd","th"))&"]")} -> 0.087 [54th]
A24: 地上攻撃
C25: 判定持続 | D25: 全体フレーム | E25: 基礎ダメージ | F25: ダメージ (1v1) | G25: ガード硬直 | H25: 備考 | K25: ='テンプレート'!K25 -> ベクトル | L25: ='テンプレート'!L25 -> KBG (R.E.) | M25: ='テンプレート'!M25 -> BKB (R.A.) | N25: ='テンプレート'!N25 -> FKB (R.F.) | O25: ='テンプレート'!O25 -> 盾削り値 | P25: ='テンプレート'!P25 -> ﾋｯﾄｽﾄｯﾌﾟ | Q25: ='テンプレート'!Q25 -> ずらし | U25: 慣性消去
A26: ='テンプレート'!A26 -> 弱攻撃 | B26: 弱1 | C26: 2-3 | D26: 19 (6) | E26: 2.2 | F26: 2.64 | G26: 3F | H26: 5-24Fは弱2に移行可能。 空振り時にボタン長押しで7F目から弱1でキャンセル可能。 | U26: なし
B27: 弱2 | C27: 2-3 | D27: 21 | E27: 1.7 | F27: 2.04 | G27: 3F | H27: 6-24Fは弱3に移行可能。 | U27: 1F
B28: 弱3 | C28: 3-4 | D28: 33 | E28: 4 | F28: 4.8 | G28: 5F | U28: -
A29: ダッシュ攻撃 | C29: 6-9 | D29: 37 | E29: 8 | F29: 9.6 | G29: 14F | H29: ガード硬直補正倍率：1.875倍 | U29: 1F
B30: 持続 | C30: 10-25 | E30: 6 | F30: 7.2 | G30: 11F
A31: 横強 | B31: 全シフト | C31: 5-7 | D31: 25 | E31: 7 | F31: 8.4 | G31: 7F | U31: 1F(*)
A32: 上強 | C32: 5-11 | D32: 29 | E32: 5.5 | F32: 6.6 | G32: 6F | U32: なし
A33: 下強 | C33: 5-7 | D33: 27 | E33: 7/5 | F33: 8.4/6 | G33: 7F/6F | U33: なし
A34: 横スマッシュ | B34: 全シフト | C34: 15-17 | D34: 47 | E34: 14.7/17.8 | F34: 17.64/21.36 | G34: 10F/12F | H34: 先端のみ相殺なし。 溜め開始：6F目 | U34: 7F
A35: 上スマッシュ | C35: 9-12 | D35: 39 | E35: 14 | F35: 16.8 | G35: 10F | H35: 頭無敵：9-12F ぬるり判定消去：7-19F 溜め開始：7F目 | U35: 8F
A36: 下スマッシュ | B36: Hit 1 | C36: 5-6 | D36: 43 | E36: 10 | F36: 12 | G36: 7F | H36: 溜め開始：3F目 | U36: なし
B37: Hit 2 | C37: 14 | E37: 12 | F37: 14.4 | G37: 8F
A39: 空中攻撃
C40: 判定持続 | D40: 全体フレーム | E40: 基礎ダメージ | F40: ダメージ (1v1) | G40: ダメ (1v1+小J) | H40: ガード硬直 | I40: 着地隙 | J40: 着地隙発生F | K40: ベクトル | L40: KBG (R.E.) | M40: BKB (R.A.) | N40: FKB (R.F.) | O40: 盾削り値 | P40: ﾋｯﾄｽﾄｯﾌﾟ | Q40: ずらし | R40: 備考
A41: 空N | C41: 3-5 | D41: 45 | E41: 8 | F41: 9.6 | G41: 8.16 | H41: 4F | I41: {=INDEX('空中攻撃'!$O$3:$AB$109, MATCH($A$1,'空中攻撃'!$A$3:$A$109,0), MATCH(A41,'空中攻撃'!$O$2:$S$2,0))} -> 6 | J41: 3-38
B42: 持続 | C42: 6-27 | E42: 5 | F42: 6 | G42: 5.1 | H42: 3F
A43: 空前 | B43: 始 | C43: 16 | D43: 59 | E43: 12 | F43: 14.4 | G43: 12.24 | H43: 5F | I43: {=INDEX('空中攻撃'!$O$3:$AB$109, MATCH($A$1,'空中攻撃'!$A$3:$A$109,0), MATCH(A43,'空中攻撃'!$O$2:$S$2,0))} -> 17 | J43: 3-42
B44: メテオ | C44: 17-20 | E44: 14 | F44: 19.2 | G44: 16.32 | H44: 6F
B45: 持続 | C45: 21 | E45: 10 | F45: 12 | G45: 10.2 | H45: 4F
A46: 空後 | C46: 6-7 | D46: 33 | E46: 10.5 | F46: 12.6 | G46: 10.71 | H46: 4F | I46: {=INDEX('空中攻撃'!$O$3:$AB$109, MATCH($A$1,'空中攻撃'!$A$3:$A$109,0), MATCH(A46,'空中攻撃'!$O$2:$S$2,0))} -> 6 | J46: 6-18
B47: 持続 | C47: 8-10 | E47: 7 | F47: 8.4 | G47: 7.14 | H47: 3F
A48: 空上 | C48: 4-7 | D48: 30 | E48: 7 | F48: 8.4 | G48: 8.4 | H48: 3F | I48: {=INDEX('空中攻撃'!$O$3:$AA$109, MATCH($A$1,'空中攻撃'!$A$3:$A$109,0), MATCH(A48,'空中攻撃'!$O$2:$S$2,0))} -> 6 | J48: 2-16
A49: 空下 | B49: Hit 1-5 | C49: 5, 7, 9, 11, 13 | D49: 37 | E49: 1.4 | F49: 1.68 | G49: 1.428 | H49: 2F | I49: {=INDEX('空中攻撃'!$O$3:$AA$109, MATCH($A$1,'空中攻撃'!$A$3:$A$109,0), MATCH(A49,'空中攻撃'!$O$2:$S$2,0))} -> 15 | J49: 5-32
B50: Hit 6 | C50: 23 | E50: 5.5 | F50: 6.6 | G50: 5.61 | H50: 3F
B51: 着地 | C51: 1-2 | E51: 2 | F51: 2.4 | G51: 2.4 | H51: 3F
A53: 必殺ワザ
A54: NB (ファイアボール) | C54: 判定持続 | D54: 全体フレーム | E54: 基礎ダメージ | F54: ダメージ (1v1) | G54: ガード硬直 | H54: 備考 | K54: ベクトル | L54: KBG (R.E.) | M54: BKB (R.A.) | N54: FKB (R.F.) | O54: 盾削り値 | P54: ﾋｯﾄｽﾄｯﾌﾟ | Q54: ずらし | R54: 相殺 | S54: 相殺ﾓｰｼｮﾝ | T54: 飛び道具 | U54: 慣性反転 | V54: 向き反転
A55: 地上・空中 | C55: 17-20 | D55: 49 | E55: 5 | F55: 6 | G55: 3F | R55: TRUE | S55: FALSE | T55: TRUE | U55: 5F目 | V55: TRUE
B56: 持続1 | C56: 21-46 | E56: 5 | F56: 6 | G56: 3F | R56: TRUE | S56: FALSE | T56: TRUE
B57: 持続2 | C57: 47-86 | E57: 4 | F57: 4.8 | G57: 2F | R57: TRUE | S57: FALSE | T57: TRUE
A58: 横B (スーパーマント) | C58: 判定持続 | D58: 全体フレーム | E58: 基礎ダメージ | F58: ダメージ (1v1) | G58: ガード硬直 | H58: 備考 | K58: ベクトル | L58: KBG (R.E.) | M58: BKB (R.A.) | N58: FKB (R.F.) | O58: 盾削り値 | P58: ﾋｯﾄｽﾄｯﾌﾟ | Q58: ずらし | R58: 相殺 | S58: 相殺ﾓｰｼｮﾝ | T58: 飛び道具 | U58: 慣性反転 | V58: 向き反転
A59: 地上・空中 | C59: 12-14 (反射：7-20F) | D59: 35 | E59: 7 | F59: 8.4 | G59: 7F | H59: 反射：7-20F 反射ダメージ倍率：1.5倍 反射速度倍率：1.0倍 飛び道具持続倍率：0.75倍 相殺なし。 ガケつかまり(前)：2F目以降 ガケつかまり(前後)：16F目以降 | R59: FALSE | S59: FALSE | U59: 5F目 | V59: TRUE
A60: 上B (スーパージャンプパンチ) | C60: 判定持続 | D60: 全体フレーム | E60: 基礎ダメージ | F60: ダメージ (1v1) | G60: ガード硬直 | H60: 備考 | K60: ベクトル | L60: KBG (R.E.) | M60: BKB (R.A.) | N60: FKB (R.F.) | O60: 盾削り値 | P60: ﾋｯﾄｽﾄｯﾌﾟ | Q60: ずらし | R60: 相殺 | S60: 相殺ﾓｰｼｮﾝ | T60: 飛び道具 | U60: 慣性反転 | V60: 向き反転
A61: 地上・空中 | B61: 始 | C61: 3-6 | E61: 5 | F61: 6 | G61: 6F | H61: 全身無敵：3-6F 着地隙：30F ガケつかまり(前後)：14F目以降 | R61: TRUE | S61: FALSE | U61: (3F目) | V61: FALSE
B62: 連 | C62: 7-16 (Rehit: 2) | E62: 0.6 | F62: 0.72 | G62: 2F | R62: TRUE | S62: FALSE
B63: 〆 | C63: 17-18 | E63: 3 | F63: =IFERROR(IFS(E63="-","-",LEN(E63)-LEN(SUBSTITUTE(E63,"/",""))=0,MULTIPLY(E63,1.2),LEN(E63)-LEN(SUBSTITUTE(E63,"/",""))=1,MULTIPLY(LEFT(E63,FIND("/",E63)-1),1.2)&"/"&MULTIPLY(MID(E63,FIND("/",E63)+1,10),1.2),LEN(E63)-LEN(SUBSTITUTE(E63,"/",""))=2,MULTIPLY(LEFT(E63,FIND("!",SUBSTITUTE(E63,"/","!",1))-1),1.2)&"/"&MULTIPLY(MID(E63,FIND("!",SUBSTITUTE(E63,"/","!",1))+1,FIND("!",SUBSTITUTE(E63,"/","!",2))-FIND("!",SUBSTITUTE(E63,"/","!",1))-1),1.2)&"/"&MULTIPLY(RIGHT(E63,LEN(E63)-FIND("!",SUBSTITUTE(E63,"/","!",2))),1.2),LEN(E63)-LEN(SUBSTITUTE(E63,"/",""))=3,MULTIPLY(LEFT(E63,FIND("!",SUBSTITUTE(E63,"/","!",1))-1),1.2)&"/"&MULTIPLY(MID(E63,FIND("!",SUBSTITUTE(E63,"/","!",1))+1,FIND("!",SUBSTITUTE(E63,"/","!",2))-FIND("!",SUBSTITUTE(E63,"/","!",1))-1),1.2)&"/"&MULTIPLY(MID(E63,FIND("!",SUBSTITUTE(E63,"/","!",2))+1,FIND("!",SUBSTITUTE(E63,"/","!",3))-FIND("!",SUBSTITUTE(E63,"/","!",2))-1),1.2)&"/"&MULTIPLY(RIGHT(E63,LEN(E63)-FIND("!",SUBSTITUTE(E63,"/","!",3))),1.2),LEN(E63)-LEN(SUBSTITUTE(E63,"/",""))=4,MULTIPLY(LEFT(E63,FIND("!",SUBSTITUTE(E63,"/","!",1))-1),1.2)&"/"&MULTIPLY(MID(E63,FIND("!",SUBSTITUTE(E63,"/","!",1))+1,FIND("!",SUBSTITUTE(E63,"/","!",2))-FIND("!",SUBSTITUTE(E63,"/","!",1))-1),1.2)&"/"&MULTIPLY(MID(E63,FIND("!",SUBSTITUTE(E63,"/","!",2))+1,FIND("!",SUBSTITUTE(E63,"/","!",3))-FIND("!",SUBSTITUTE(E63,"/","!",2))-1),1.2)&"/"&MULTIPLY(MID(E63,FIND("!",SUBSTITUTE(E63,"/","!",3))+1,FIND("!",SUBSTITUTE(E63,"/","!",4))-FIND("!",SUBSTITUTE(E63,"/","!",3))-1),1.2)&"/"&MULTIPLY(RIGHT(E63,LEN(E63)-FIND("!",SUBSTITUTE(E63,"/","!",4))),1.2)),"") -> 3.6 | G63: 4F | R63: TRUE | S63: FALSE
A64: 下B (ポンプ) | C64: 判定持続 | D64: 全体フレーム | E64: 基礎ダメージ | F64: ダメージ (1v1) | G64: ガード硬直 | H64: 備考 | K64: ベクトル | L64: KBG (R.E.) | M64: BKB (R.A.) | N64: FKB (R.F.) | O64: 盾削り値 | P64: ﾋｯﾄｽﾄｯﾌﾟ | Q64: ずらし | R64: 相殺 | S64: 相殺ﾓｰｼｮﾝ | T64: 飛び道具 | U64: 慣性反転 | V64: 向き反転
A65: 地上・空中 | B65: 放水 | C65: 21-31, 26-36, 31-41, 36-46, 41-51, 46-56, 51-61 | D65: 67 | E65: 0 | F65: =IFERROR(IFS(E65="-","-",LEN(E65)-LEN(SUBSTITUTE(E65,"/",""))=0,MULTIPLY(E65,1.2),LEN(E65)-LEN(SUBSTITUTE(E65,"/",""))=1,MULTIPLY(LEFT(E65,FIND("/",E65)-1),1.2)&"/"&MULTIPLY(MID(E65,FIND("/",E65)+1,10),1.2),LEN(E65)-LEN(SUBSTITUTE(E65,"/",""))=2,MULTIPLY(LEFT(E65,FIND("!",SUBSTITUTE(E65,"/","!",1))-1),1.2)&"/"&MULTIPLY(MID(E65,FIND("!",SUBSTITUTE(E65,"/","!",1))+1,FIND("!",SUBSTITUTE(E65,"/","!",2))-FIND("!",SUBSTITUTE(E65,"/","!",1))-1),1.2)&"/"&MULTIPLY(RIGHT(E65,LEN(E65)-FIND("!",SUBSTITUTE(E65,"/","!",2))),1.2),LEN(E65)-LEN(SUBSTITUTE(E65,"/",""))=3,MULTIPLY(LEFT(E65,FIND("!",SUBSTITUTE(E65,"/","!",1))-1),1.2)&"/"&MULTIPLY(MID(E65,FIND("!",SUBSTITUTE(E65,"/","!",1))+1,FIND("!",SUBSTITUTE(E65,"/","!",2))-FIND("!",SUBSTITUTE(E65,"/","!",1))-1),1.2)&"/"&MULTIPLY(MID(E65,FIND("!",SUBSTITUTE(E65,"/","!",2))+1,FIND("!",SUBSTITUTE(E65,"/","!",3))-FIND("!",SUBSTITUTE(E65,"/","!",2))-1),1.2)&"/"&MULTIPLY(RIGHT(E65,LEN(E65)-FIND("!",SUBSTITUTE(E65,"/","!",3))),1.2),LEN(E65)-LEN(SUBSTITUTE(E65,"/",""))=4,MULTIPLY(LEFT(E65,FIND("!",SUBSTITUTE(E65,"/","!",1))-1),1.2)&"/"&MULTIPLY(MID(E65,FIND("!",SUBSTITUTE(E65,"/","!",1))+1,FIND("!",SUBSTITUTE(E65,"/","!",2))-FIND("!",SUBSTITUTE(E65,"/","!",1))-1),1.2)&"/"&MULTIPLY(MID(E65,FIND("!",SUBSTITUTE(E65,"/","!",2))+1,FIND("!",SUBSTITUTE(E65,"/","!",3))-FIND("!",SUBSTITUTE(E65,"/","!",2))-1),1.2)&"/"&MULTIPLY(MID(E65,FIND("!",SUBSTITUTE(E65,"/","!",3))+1,FIND("!",SUBSTITUTE(E65,"/","!",4))-FIND("!",SUBSTITUTE(E65,"/","!",3))-1),1.2)&"/"&MULTIPLY(RIGHT(E65,LEN(E65)-FIND("!",SUBSTITUTE(E65,"/","!",4))),1.2)),"") -> 0 | H65: 最大溜め：80F 溜め・キャンセル開始：20F目 溜め中からの最速発生は2F。 相殺なし。 | U65: FALSE | V65: FALSE
A67: つかみ・投げ
C68: 判定持続 | D68: 全体フレーム | E68: 基礎ダメージ | F68: ダメージ (1v1)
A69: つかみ攻撃 | B69: つかみ攻撃 | C69: 1 | D69: 6 | E69: 1.3 | F69: =E69*1.2 -> 1.56
A70: つかみ | B70: その場 | C70: 6-7 | D70: 34
B71: ダッシュ | C71: 9-10 | D71: 42
B72: ふりむき | C72: 10-11 | D72: 36
A73: 投げ | C73: 判定持続 | D73: 全体フレーム | E73: 基礎ダメージ | F73: ダメージ (1v1) | G73: 備考 | K73: ='テンプレート'!K97 -> ベクトル | L73: ='テンプレート'!L97 -> KBG (R.E.) | M73: ='テンプレート'!M97 -> BKB (R.A.) | N73: ='テンプレート'!N97 -> FKB (R.F.) | O73: ='テンプレート'!O97 -> 盾削り値 | P73: ='テンプレート'!P97 -> ﾋｯﾄｽﾄｯﾌﾟ | Q73: ='テンプレート'!Q97 -> ずらし
A74: 前投げ | B74: 打撃 | D74: 27
B75: 投げ | C75: 13 | E75: 8 | F75: =IFERROR(E75*1.2, "-") -> 9.6
A76: 後投げ | B76: 打撃 | C76: 13-39 | D76: 59 | E76: 8 | F76: =IFERROR(E76*1.2, "-") -> 9.6 | G76: 打撃部分は投げ中の相手にはヒットしない。
B77: 投げ | C77: 44 | E77: 11 | F77: =IFERROR(E77*1.2, "-") -> 13.2
A78: 上投げ | B78: 打撃 | D78: 39
B79: 投げ | C79: 18 | E79: 7 | F79: =IFERROR(E79*1.2, "-") -> 8.4
A80: 下投げ | B80: 打撃 | D80: 39
B81: 投げ | C81: 18 | E81: 5 | F81: =IFERROR(E81*1.2, "-") -> 6
A83: ='テンプレート'!A107 -> 回避
C84: 無敵フレーム | D84: 無敵 (ペナ最大) | E84: 全体フレーム | F84: 全体 (ペナ最大)
A85: ='テンプレート'!A109 -> 地上回避 | B85: ='テンプレート'!B109 -> その場 | C85: {=INDEX('回避'!$C$3:$U$84, MATCH($A$1,'回避'!$A$3:$A$91,0), MATCH(C84,'回避'!$C$2:$F$2,0))} -> 3-17 | D85: {=INDEX('回避'!$C$3:$U$84, MATCH($A$1,'回避'!$A$3:$A$91,0), MATCH(D84,'回避'!$C$2:$F$2,0))} -> 6-17 | E85: {=INDEX('回避'!$C$3:$U$84, MATCH($A$1,'回避'!$A$3:$A$91,0), MATCH(E84,'回避'!$C$2:$F$2,0))} -> 25 (20) | F85: {=INDEX('回避'!$C$3:$U$84, MATCH($A$1,'回避'!$A$3:$A$91,0), MATCH(F84,'回避'!$C$2:$F$2,0))} -> 33 (27)
B86: ='テンプレート'!B110 -> 前方 | C86: {=INDEX('回避'!$G$3:$U$84, MATCH($A$1,'回避'!$A$3:$A$91,0), MATCH(C84,'回避'!$G$2:$J$2,0))} -> 4-15 | D86: {=INDEX('回避'!$G$3:$U$84, MATCH($A$1,'回避'!$A$3:$A$91,0), MATCH(D84,'回避'!$G$2:$J$2,0))} -> 8-14 | E86: {=INDEX('回避'!$G$3:$U$84, MATCH($A$1,'回避'!$A$3:$A$91,0), MATCH(E84,'回避'!$G$2:$J$2,0))} -> 29 | F86: {=INDEX('回避'!$G$3:$U$84, MATCH($A$1,'回避'!$A$3:$A$91,0), MATCH(F84,'回避'!$G$2:$J$2,0))} -> 38
B87: ='テンプレート'!B111 -> 後方 | C87: {=INDEX('回避'!$K$3:$U$84, MATCH($A$1,'回避'!$A$3:$A$91,0), MATCH(C84,'回避'!$K$2:$N$2,0))} -> 5-16 | D87: {=INDEX('回避'!$K$3:$U$84, MATCH($A$1,'回避'!$A$3:$A$91,0), MATCH(D84,'回避'!$K$2:$N$2,0))} -> 9-14 | E87: {=INDEX('回避'!$K$3:$U$84, MATCH($A$1,'回避'!$A$3:$A$91,0), MATCH(E84,'回避'!$K$2:$N$2,0))} -> 34 | F87: {=INDEX('回避'!$K$3:$U$84, MATCH($A$1,'回避'!$A$3:$A$91,0), MATCH(F84,'回避'!$K$2:$N$2,0))} -> 51
A88: ='テンプレート'!A112 -> 空中回避 | B88: ='テンプレート'!B112 -> 通常 | C88: {=INDEX('回避'!$O$3:$U$84, MATCH($A$1,'回避'!$A$3:$A$91,0), MATCH(C84,'回避'!$O$2:$R$2,0))} -> 3-29 | D88: {=INDEX('回避'!$O$3:$U$84, MATCH($A$1,'回避'!$A$3:$A$91,0), MATCH(D84,'回避'!$O$2:$R$2,0))} -> 6-27 | E88: {=INDEX('回避'!$O$3:$U$84, MATCH($A$1,'回避'!$A$3:$A$91,0), MATCH(E84,'回避'!$O$2:$R$2,0))} -> 52
B89: ='テンプレート'!B113 -> 移動 | C89: {=INDEX('回避'!$S$3:$U$84, MATCH($A$1,'回避'!$A$3:$A$91,0), MATCH(C84,'回避'!$S$2:$U$2,0))} -> 3-21 | D89: {=INDEX('回避'!$S$3:$U$84, MATCH($A$1,'回避'!$A$3:$A$91,0), MATCH(D84,'回避'!$S$2:$U$2,0))} -> 6-20 | E89: {=INDEX('回避'!$S$3:$U$84, MATCH($A$1,'回避'!$A$3:$A$91,0), MATCH(E84,'回避'!$S$2:$U$2,0))} -> 真横：87 真上：116 真下：71
A91: 共通動作 (ガケ・受け身...)
C92: 無敵フレーム | D92: 全体フレーム | E92: 判定持続 | F92: 基礎ダメージ | G92: ダメージ (1v1) | K92: ='テンプレート'!K116 -> アイテム取得 | M92: ='テンプレート'!M116 -> 取得フレーム | N92: ='テンプレート'!N116 -> 全体フレーム
A93: ガケ行動 | B93: ガケつかまり | D93: {=INDEX('崖行動・受け身'!$C$3:$C98, MATCH($A$1,'崖行動・受け身'!$A$3:$A$115,0), MATCH(D92,'崖行動・受け身'!$C$2,0))} -> 19 | K93: ='テンプレート'!K117 -> 小アイテム | L93: ='テンプレート'!L117 -> その場 | M93: - | N93: 7
B94: その場 | C94: {=INDEX('崖行動・受け身'!$D$3:$E98, MATCH($A$1,'崖行動・受け身'!$A$3:$A$115,0), MATCH(C92,'崖行動・受け身'!$D$2:$E$2,0))} -> 1-33 | D94: {=INDEX('崖行動・受け身'!$D$3:$E98, MATCH($A$1,'崖行動・受け身'!$A$3:$A$115,0), MATCH(D92,'崖行動・受け身'!$D$2:$E$2,0))} -> 34 | L94: ='テンプレート'!L118 -> 歩き | M94: - | N94: 23
B95: 回避 | C95: {=INDEX('崖行動・受け身'!$F$3:$G$115, MATCH($A$1,'崖行動・受け身'!$A$3:$A$115,0), MATCH(C92,'崖行動・受け身'!$F$2:$G$2,0))} -> 1-25 | D95: {=INDEX('崖行動・受け身'!$F$3:$G$115, MATCH($A$1,'崖行動・受け身'!$A$3:$A$115,0), MATCH(D92,'崖行動・受け身'!$F$2:$G$2,0))} -> 45 | K95: ='テンプレート'!K119 -> アイテム投擲 | M95: ='テンプレート'!M119 -> 投擲フレーム | N95: ='テンプレート'!N119 -> 全体フレーム
B96: ジャンプ | C96: {=INDEX('崖行動・受け身'!$H$3:$I$115, MATCH($A$1,'崖行動・受け身'!$A$3:$A$115,0), MATCH(C92,'崖行動・受け身'!$H$2:$I$2,0))} -> 1-12 | D96: {=INDEX('崖行動・受け身'!$H$3:$I$115, MATCH($A$1,'崖行動・受け身'!$A$3:$A$115,0), MATCH(D92,'崖行動・受け身'!$H$2:$I$2,0))} -> 14 | K96: ='テンプレート'!K120 -> 地上投擲 | L96: ='テンプレート'!L120 -> 前投げ | M96: 8 | N96: 24
B97: 攻撃 | C97: {=INDEX('崖行動・受け身'!$J$3:$M$115, MATCH($A$1,'崖行動・受け身'!$A$3:$A$115,0), MATCH(C92,'崖行動・受け身'!$J$2:$M$2,0))} -> 1-26 | D97: {=INDEX('崖行動・受け身'!$J$3:$M$115, MATCH($A$1,'崖行動・受け身'!$A$3:$A$115,0), MATCH(D92,'崖行動・受け身'!$J$2:$M$2,0))} -> 55 | E97: {=INDEX('崖行動・受け身'!$J$3:$M$115, MATCH($A$1,'崖行動・受け身'!$A$3:$A$115,0), MATCH(E92,'崖行動・受け身'!$J$2:$M$2,0))} -> 24-26 | F97: {=INDEX('崖行動・受け身'!$J$3:$M$115, MATCH($A$1,'崖行動・受け身'!$A$3:$A$115,0), MATCH(F92,'崖行動・受け身'!$J$2:$M$2,0))} -> 9 | G97: =F97*1.2 -> 10.8 | L97: ='テンプレート'!L121 -> 後投げ | M97: 11 | N97: 24
A98: 受け身 | B98: その場 | C98: {=INDEX('崖行動・受け身'!$N$3:$O$115, MATCH($A$1,'崖行動・受け身'!$A$3:$A$115,0), MATCH(C92,'崖行動・受け身'!$N$2:$O$2,0))} -> 1-20 | D98: {=INDEX('崖行動・受け身'!$N$3:$O$115, MATCH($A$1,'崖行動・受け身'!$A$3:$A$115,0), MATCH(D92,'崖行動・受け身'!$N$2:$O$2,0))} -> 26 | L98: ='テンプレート'!L122 -> 上投げ | M98: 12 | N98: 23
B99: 前方 | C99: {=INDEX('崖行動・受け身'!$P$3:$Q$115, MATCH($A$1,'崖行動・受け身'!$A$3:$A$115,0), MATCH(C92,'崖行動・受け身'!$P$2:$Q$2,0))} -> 1-20 | D99: {=INDEX('崖行動・受け身'!$P$3:$Q$115, MATCH($A$1,'崖行動・受け身'!$A$3:$A$115,0), MATCH(D92,'崖行動・受け身'!$P$2:$Q$2,0))} -> 40 | L99: ='テンプレート'!L123 -> 下投げ | M99: 7 | N99: 19
B100: 後方 | C100: {=INDEX('崖行動・受け身'!$R$3:$S$115, MATCH($A$1,'崖行動・受け身'!$A$3:$A$115,0), MATCH(C92,'崖行動・受け身'!$R$2:$S$2,0))} -> 1-20 | D100: {=INDEX('崖行動・受け身'!$R$3:$S$115, MATCH($A$1,'崖行動・受け身'!$A$3:$A$115,0), MATCH(D92,'崖行動・受け身'!$R$2:$S$2,0))} -> 40 | L100: ='テンプレート'!L124 -> ダッシュ | M100: 5 | N100: 37
A101: あお向けダウン | B101: 倒れ | D101: {=INDEX('起きあがり'!$C$3:$C98, MATCH($A$1,'起きあがり'!$A$3:$A$115,0), MATCH(D92,'起きあがり'!$C$2:$AD$2,0))} -> 25 | L101: ='テンプレート'!L125 -> その場捨て | M101: 6 | N101: 23
B102: その場 | C102: {=INDEX('起きあがり'!$D$3:$E98, MATCH($A$1,'起きあがり'!$A$3:$A$115,0), MATCH(C92,'起きあがり'!$D$2:$AD$2,0))} -> 1-22 | D102: {=INDEX('起きあがり'!$D$3:$E98, MATCH($A$1,'起きあがり'!$A$3:$A$115,0), MATCH(D92,'起きあがり'!$D$2:$AD$2,0))} -> 29 | K102: ='テンプレート'!K126 -> 空中投擲 | L102: ='テンプレート'!L126 -> 前投げ | M102: 8 | N102: 24
B103: 前方 | C103: {=INDEX('起きあがり'!$F$3:$G$115, MATCH($A$1,'起きあがり'!$A$3:$A$115,0), MATCH(C92,'起きあがり'!$F$2:$AD$2,0))} -> 1-21 | D103: {=INDEX('起きあがり'!$F$3:$G$115, MATCH($A$1,'起きあがり'!$A$3:$A$115,0), MATCH(D92,'起きあがり'!$F$2:$AD$2,0))} -> 35 | L103: ='テンプレート'!L127 -> 後投げ | M103: 11 | N103: 24
B104: 後方 | C104: {=INDEX('起きあがり'!$H$3:$I$115, MATCH($A$1,'起きあがり'!$A$3:$A$115,0), MATCH(C92,'起きあがり'!$H$2:$AD$2,0))} -> 1-22 | D104: {=INDEX('起きあがり'!$H$3:$I$115, MATCH($A$1,'起きあがり'!$A$3:$A$115,0), MATCH(D92,'起きあがり'!$H$2:$AD$2,0))} -> 35 | L104: ='テンプレート'!L128 -> 上投げ | M104: 12 | N104: 23
B105: 攻撃1 | C105: {=INDEX('起きあがり'!$J$3:$M$115, MATCH($A$1,'起きあがり'!$A$3:$A$115,0), MATCH(C92,'起きあがり'!$J$2:$AD$2,0))} -> 1-25 | D105: {=INDEX('起きあがり'!$J$3:$M$115, MATCH($A$1,'起きあがり'!$A$3:$A$115,0), MATCH(D92,'起きあがり'!$J$2:$AD$2,0))} -> 45 | E105: {=INDEX('起きあがり'!$J$3:$M$115, MATCH($A$1,'起きあがり'!$A$3:$A$115,0), MATCH(E92,'起きあがり'!$J$2:$AD$2,0))} -> 19-20 | F105: {=INDEX('起きあがり'!$J$3:$M$115, MATCH($A$1,'起きあがり'!$A$3:$A$115,0), MATCH(F92,'起きあがり'!$J$2:$AD$2,0))} -> 7 | G105: =F105*1.2 -> 8.4 | L105: ='テンプレート'!L129 -> 下投げ | M105: 7 | N105: 19
B106: 攻撃2 | E106: {=INDEX('起きあがり'!$N$3:$O$115, MATCH($A$1,'起きあがり'!$A$3:$A$115,0), MATCH(E92,'起きあがり'!$N$2:$AD$2,0))} -> 24-25 | F106: {=INDEX('起きあがり'!$N$3:$O$115, MATCH($A$1,'起きあがり'!$A$3:$A$115,0), MATCH(F92,'起きあがり'!$N$2:$AD$2,0))} -> 7 | G106: =F106*1.2 -> 8.4 | K106: ='テンプレート'!K130 -> 踏み台ジャンプ | M106: ='テンプレート'!M130 -> 全体フレーム
A107: うつ伏せダウン | B107: 倒れ | D107: {=INDEX('起きあがり'!$C$3:$C98, MATCH($A$1,'起きあがり'!$A$3:$A$115,0), MATCH(D92,'起きあがり'!$C$2,0))} -> 25 | K107: ='テンプレート'!K131 -> 踏み | L107: ='テンプレート'!L131 -> 踏み | M107: 7
B108: その場 | C108: {=INDEX('起きあがり'!$P$3:$Q$115, MATCH($A$1,'起きあがり'!$A$3:$A$115,0), MATCH(C92,'起きあがり'!$P$2:$AD$2,0))} -> 1-22 | D108: {=INDEX('起きあがり'!$P$3:$Q$115, MATCH($A$1,'起きあがり'!$A$3:$A$115,0), MATCH(D92,'起きあがり'!$P$2:$AD$2,0))} -> 29 | K108: ='テンプレート'!K132 -> 踏まれ | M108: -
B109: 前方 | C109: {=INDEX('起きあがり'!$R$3:$S$115, MATCH($A$1,'起きあがり'!$A$3:$A$115,0), MATCH(C92,'起きあがり'!$R$2:$AD$2,0))} -> 1-19 | D109: {=INDEX('起きあがり'!$R$3:$S$115, MATCH($A$1,'起きあがり'!$A$3:$A$115,0), MATCH(D92,'起きあがり'!$R$2:$AD$2,0))} -> 35 | L109: ='テンプレート'!L133 -> 地上硬直 | M109: 28
B110: 後方 | C110: {=INDEX('起きあがり'!$T$3:$U$115, MATCH($A$1,'起きあがり'!$A$3:$A$115,0), MATCH(C92,'起きあがり'!$T$2:$AD$2,0))} -> 1-24 | D110: {=INDEX('起きあがり'!$T$3:$U$115, MATCH($A$1,'起きあがり'!$A$3:$A$115,0), MATCH(D92,'起きあがり'!$T$2:$AD$2,0))} -> 35 | L110: ='テンプレート'!L134 -> 空中踏まれ | M110: 8
B111: 攻撃1 | C111: {=INDEX('起きあがり'!$V$3:$Y$115, MATCH($A$1,'起きあがり'!$A$3:$A$115,0), MATCH(C92,'起きあがり'!$V$2:$AD$2,0))} -> 1-22 | D111: {=INDEX('起きあがり'!$V$3:$Y$115, MATCH($A$1,'起きあがり'!$A$3:$A$115,0), MATCH(D92,'起きあがり'!$V$2:$AD$2,0))} -> 45 | E111: {=INDEX('起きあがり'!$V$3:$Y$115, MATCH($A$1,'起きあがり'!$A$3:$A$115,0), MATCH(E92,'起きあがり'!$V$2:$AD$2,0))} -> 16-17 | F111: {=INDEX('起きあがり'!$V$3:$Y$115, MATCH($A$1,'起きあがり'!$A$3:$A$115,0), MATCH(F92,'起きあがり'!$V$2:$AD$2,0))} -> 7 | G111: =F111*1.2 -> 8.4 | L111: ='テンプレート'!L135 -> 空中落下 | M111: 37
B112: 攻撃2 | E112: {=INDEX('起きあがり'!$Z$3:$AA$115, MATCH($A$1,'起きあがり'!$A$3:$A$115,0), MATCH(E92,'起きあがり'!$Z$2:$AD$2,0))} -> 21-22 | F112: {=INDEX('起きあがり'!$Z$3:$AA$115, MATCH($A$1,'起きあがり'!$A$3:$A$115,0), MATCH(F92,'起きあがり'!$Z$2:$AD$2,0))} -> 7 | G112: =F112*1.2 -> 8.4 | K112: ='テンプレート'!K136 -> 倒れダメージ | M112: ='テンプレート'!M136 -> 全体フレーム
A113: 転倒 | B113: 硬直(小) | C113: {=INDEX('転倒'!$C$3:$D98, MATCH($A$1,'転倒'!$A$3:$A$115,0), MATCH(C92,'転倒'!$C$2:$AC$2,0))} -> 1-5 | D113: {=INDEX('転倒'!$C$3:$D98, MATCH($A$1,'転倒'!$A$3:$A$115,0), MATCH(D92,'転倒'!$C$2:$AC$2,0))} -> 29 | K113: ='テンプレート'!K137 -> あお向け倒れ | L113: ='テンプレート'!L137 -> モーション大 | M113: 39
...

Sheet 2. ドンキーコング
A1: 2 | C1: =IMAGE(VLOOKUP($A$1,Fighters!A2:AI114,12,FALSE),1) -> #REF!
A2: =VLOOKUP($A$1,Fighters!$A$2:$AI$81,6,FALSE) -> #007d1e
A3: =VLOOKUP($A$1,Fighters!$A$2:$AI$81,14,FALSE) -> 2. ドンキーコング
A4: =VLOOKUP($A$1,Fighters!$A$2:$AI$81,13,FALSE) -> 1
I6: 最終更新
H8: 44543.226
A15: 行動フレーム・能力値
C16: 行動フレーム | E16: 能力値 | G16: 滞空フレーム | K16: ='テンプレート'!K16 -> 能力値その他
A17: ='テンプレート'!A17 -> ジャンプ回数 | B17: 2回 | C17: ='テンプレート'!C17 -> ジャンプ踏切 | D17: {=IF(INDEX('行動フレーム・能力値'!$C$2:$AD$115, MATCH($A$1,'行動フレーム・能力値'!$A$2:$A$115,0), MATCH(C17,'行動フレーム・能力値'!$C$1:$AD$1,0))="-", "-", INDEX('行動フレーム・能力値'!$C$2:$AD$115, MATCH($A$1,'行動フレーム・能力値'!$A$2:$A$115,0), MATCH(C17,'行動フレーム・能力値'!$C$1:$AD$1,0))&"F")} -> 3F | E17: ='テンプレート'!E17 -> 体重 | F17: {=IF(INDEX('行動フレーム・能力値'!$C$2:$AD$115, MATCH($A$1,'行動フレーム・能力値'!$A$2:$A$115,0), MATCH(E17,'行動フレーム・能力値'!$C$1:$AD$1,0))="-", "-", INDEX('行動フレーム・能力値'!$C$2:$AD$115, MATCH($A$1,'行動フレーム・能力値'!$A$2:$A$115,0), MATCH(E17,'行動フレーム・能力値'!$C$1:$AD$1,0))&" ["&INDEX('行動フレーム・能力値'!$C$2:$AD$115, MATCH($A$1,'行動フレーム・能力値'!$A$2:$A$115,0), MATCH(E17,'行動フレーム・能力値'!$C$1:$AD$1,0)-1)&IF(AND(INDEX('行動フレーム・能力値'!$C$2:$AD$115, MATCH($A$1,'行動フレーム・能力値'!$A$2:$A$115,0), MATCH(E17,'行動フレーム・能力値'!$C$1:$AD$1,0)-1)>=11, INDEX('行動フレーム・能力値'!$C$2:$AD$115, MATCH($A$1,'行動フレーム・能力値'!$A$2:$A$115,0), MATCH(E17,'行動フレーム・能力値'!$C$1:$AD$1,0)-1)<=13),"th",CHOOSE(MIN(5,RIGHT(INDEX('行動フレーム・能力値'!$C$2:$AD$115, MATCH($A$1,'行動フレーム・能力値'!$A$2:$A$115,0), MATCH(E17,'行動フレーム・能力値'!$C$1:$AD$1,0)-1))+1),"th","st","nd","rd","th"))&"]")} -> 127 [3rd] | G17: ='テンプレート'!G17 -> 小J滞空 | H17: {=IF(INDEX('行動フレーム・能力値'!$C$2:$AD$115, MATCH($A$1,'行動フレーム・能力値'!$A$2:$A$115,0), MATCH(G17,'行動フレーム・能力値'!$C$1:$AD$1,0))="-", "-", INDEX('行動フレーム・能力値'!$C$2:$AD$115, MATCH($A$1,'行動フレーム・能力値'!$A$2:$A$115,0), MATCH(G17,'行動フレーム・能力値'!$C$1:$AD$1,0))&"F")} -> 40F | K17: ='テンプレート'!K17 -> ダッシュ初速 | L17: {=IF(INDEX('能力値その他'!$C$2:$AD$115, MATCH($A$1,'能力値その他'!$A$2:$A$115,0), MATCH(K17,'能力値その他'!$C$1:$AD$1,0))="-", "-", INDEX('能力値その他'!$C$2:$AD$115, MATCH($A$1,'能力値その他'!$A$2:$A$115,0), MATCH(K17,'能力値その他'!$C$1:$AD$1,0))&" ["&INDEX('能力値その他'!$C$2:$AD$115, MATCH($A$1,'能力値その他'!$A$2:$A$115,0), MATCH(K17,'能力値その他'!$C$1:$AD$1,0)-1)&IF(AND(INDEX('能力値その他'!$C$2:$AD$115, MATCH($A$1,'能力値その他'!$A$2:$A$115,0), MATCH(K17,'能力値その他'!$C$1:$AD$1,0)-1)>=11, INDEX('能力値その他'!$C$2:$AD$115, MATCH($A$1,'能力値その他'!$A$2:$A$115,0), MATCH(K17,'能力値その他'!$C$1:$AD$1,0)-1)<=13),"th",CHOOSE(MIN(5,RIGHT(INDEX('能力値その他'!$C$2:$AD$115, MATCH($A$1,'能力値その他'!$A$2:$A$115,0), MATCH(K17,'能力値その他'!$C$1:$AD$1,0)-1))+1),"th","st","nd","rd","th"))&"]")} -> 2.09 [18th] | M17: ='テンプレート'!M17 -> 大J初速 | N17: {=IF(INDEX('能力値その他'!$C$2:$AD$115, MATCH($A$1,'能力値その他'!$A$2:$A$115,0), MATCH(M17,'能力値その他'!$C$1:$AD$1,0))="-", "-", INDEX('能力値その他'!$C$2:$AD$115, MATCH($A$1,'能力値その他'!$A$2:$A$115,0), MATCH(M17,'能力値その他'!$C$1:$AD$1,0))&" ["&INDEX('能力値その他'!$C$2:$AD$115, MATCH($A$1,'能力値その他'!$A$2:$A$115,0), MATCH(M17,'能力値その他'!$C$1:$AD$1,0)-1)&IF(AND(INDEX('能力値その他'!$C$2:$AD$115, MATCH($A$1,'能力値その他'!$A$2:$A$115,0), MATCH(M17,'能力値その他'!$C$1:$AD$1,0)-1)>=11, INDEX('能力値その他'!$C$2:$AD$115, MATCH($A$1,'能力値その他'!$A$2:$A$115,0), MATCH(M17,'能力値その他'!$C$1:$AD$1,0)-1)<=13),"th",CHOOSE(MIN(5,RIGHT(INDEX('能力値その他'!$C$2:$AD$115, MATCH($A$1,'能力値その他'!$A$2:$A$115,0), MATCH(M17,'能力値その他'!$C$1:$AD$1,0)-1))+1),"th","st","nd","rd","th"))&"]")} -> -
A18: ='テンプレート'!A18 -> しゃがみ歩き | B18: FALSE | C18: ='テンプレート'!C18 -> 小着地 | D18: {=IF(INDEX('行動フレーム・能力値'!$C$2:$AD$115, MATCH($A$1,'行動フレーム・能力値'!$A$2:$A$115,0), MATCH(C18,'行動フレーム・能力値'!$C$1:$AD$1,0))="-", "-", INDEX('行動フレーム・能力値'!$C$2:$AD$115, MATCH($A$1,'行動フレーム・能力値'!$A$2:$A$115,0), MATCH(C18,'行動フレーム・能力値'!$C$1:$AD$1,0))&"F")} -> 2F | E18: ='テンプレート'!E18 -> 歩行速度 | F18: {=IF(INDEX('行動フレーム・能力値'!$C$2:$AD$115, MATCH($A$1,'行動フレーム・能力値'!$A$2:$A$115,0), MATCH(E18,'行動フレーム・能力値'!$C$1:$AD$1,0))="-", "-", INDEX('行動フレーム・能力値'!$C$2:$AD$115, MATCH($A$1,'行動フレーム・能力値'!$A$2:$A$115,0), MATCH(E18,'行動フレーム・能力値'!$C$1:$AD$1,0))&" ["&INDEX('行動フレーム・能力値'!$C$2:$AD$115, MATCH($A$1,'行動フレーム・能力値'!$A$2:$A$115,0), MATCH(E18,'行動フレーム・能力値'!$C$1:$AD$1,0)-1)&IF(AND(INDEX('行動フレーム・能力値'!$C$2:$AD$115, MATCH($A$1,'行動フレーム・能力値'!$A$2:$A$115,0), MATCH(E18,'行動フレーム・能力値'!$C$1:$AD$1,0)-1)>=11, INDEX('行動フレーム・能力値'!$C$2:$AD$115, MATCH($A$1,'行動フレーム・能力値'!$A$2:$A$115,0), MATCH(E18,'行動フレーム・能力値'!$C$1:$AD$1,0)-1)<=13),"th",CHOOSE(MIN(5,RIGHT(INDEX('行動フレーム・能力値'!$C$2:$AD$115, MATCH($A$1,'行動フレーム・能力値'!$A$2:$A$115,0), MATCH(E18,'行動フレーム・能力値'!$C$1:$AD$1,0)-1))+1),"th","st","nd","rd","th"))&"]")} -> 1.365 [10th] | G18: ='テンプレート'!G18 -> 大J滞空 | H18: {=IF(INDEX('行動フレーム・能力値'!$C$2:$AD$115, MATCH($A$1,'行動フレーム・能力値'!$A$2:$A$115,0), MATCH(G18,'行動フレーム・能力値'!$C$1:$AD$1,0))="-", "-", INDEX('行動フレーム・能力値'!$C$2:$AD$115, MATCH($A$1,'行動フレーム・能力値'!$A$2:$A$115,0), MATCH(G18,'行動フレーム・能力値'!$C$1:$AD$1,0))&"F")} -> 53F | K18: ='テンプレート'!K18 -> 走行加速 | L18: {=IF(INDEX('能力値その他'!$C$2:$AD$115, MATCH($A$1,'能力値その他'!$A$2:$A$115,0), MATCH(K18,'能力値その他'!$C$1:$AD$1,0))="-", "-", INDEX('能力値その他'!$C$2:$AD$115, MATCH($A$1,'能力値その他'!$A$2:$A$115,0), MATCH(K18,'能力値その他'!$C$1:$AD$1,0))&" ["&INDEX('能力値その他'!$C$2:$AD$115, MATCH($A$1,'能力値その他'!$A$2:$A$115,0), MATCH(K18,'能力値その他'!$C$1:$AD$1,0)-1)&IF(AND(INDEX('能力値その他'!$C$2:$AD$115, MATCH($A$1,'能力値その他'!$A$2:$A$115,0), MATCH(K18,'能力値その他'!$C$1:$AD$1,0)-1)>=11, INDEX('能力値その他'!$C$2:$AD$115, MATCH($A$1,'能力値その他'!$A$2:$A$115,0), MATCH(K18,'能力値その他'!$C$1:$AD$1,0)-1)<=13),"th",CHOOSE(MIN(5,RIGHT(INDEX('能力値その他'!$C$2:$AD$115, MATCH($A$1,'能力値その他'!$A$2:$A$115,0), MATCH(K18,'能力値その他'!$C$1:$AD$1,0)-1))+1),"th","st","nd","rd","th"))&"]")} -> 0.11737 [73rd] | M18: ='テンプレート'!M18 -> 大J高度 | N18: {=IF(INDEX('能力値その他'!$C$2:$AD$115, MATCH($A$1,'能力値その他'!$A$2:$A$115,0), MATCH(M18,'能力値その他'!$C$1:$AD$1,0))="-", "-", INDEX('能力値その他'!$C$2:$AD$115, MATCH($A$1,'能力値その他'!$A$2:$A$115,0), MATCH(M18,'能力値その他'!$C$1:$AD$1,0))&" ["&INDEX('能力値その他'!$C$2:$AD$115, MATCH($A$1,'能力値その他'!$A$2:$A$115,0), MATCH(M18,'能力値その他'!$C$1:$AD$1,0)-1)&IF(AND(INDEX('能力値その他'!$C$2:$AD$115, MATCH($A$1,'能力値その他'!$A$2:$A$115,0), MATCH(M18,'能力値その他'!$C$1:$AD$1,0)-1)>=11, INDEX('能力値その他'!$C$2:$AD$115, MATCH($A$1,'能力値その他'!$A$2:$A$115,0), MATCH(M18,'能力値その他'!$C$1:$AD$1,0)-1)<=13),"th",CHOOSE(MIN(5,RIGHT(INDEX('能力値その他'!$C$2:$AD$115, MATCH($A$1,'能力値その他'!$A$2:$A$115,0), MATCH(M18,'能力値その他'!$C$1:$AD$1,0)-1))+1),"th","st","nd","rd","th"))&"]")} -> 34 [29th]
A19: ='テンプレート'!A19 -> カベジャンプ | B19: FALSE | C19: ='テンプレート'!C19 -> 大着地 | D19: {=IF(INDEX('行動フレーム・能力値'!$C$2:$AD$115, MATCH($A$1,'行動フレーム・能力値'!$A$2:$A$115,0), MATCH(C19,'行動フレーム・能力値'!$C$1:$AD$1,0))="-", "-", INDEX('行動フレーム・能力値'!$C$2:$AD$115, MATCH($A$1,'行動フレーム・能力値'!$A$2:$A$115,0), MATCH(C19,'行動フレーム・能力値'!$C$1:$AD$1,0))&"F")} -> 5F | E19: ='テンプレート'!E19 -> 走行速度 | F19: {=IF(INDEX('行動フレーム・能力値'!$C$2:$AD$115, MATCH($A$1,'行動フレーム・能力値'!$A$2:$A$115,0), MATCH(E19,'行動フレーム・能力値'!$C$1:$AD$1,0))="-", "-", INDEX('行動フレーム・能力値'!$C$2:$AD$115, MATCH($A$1,'行動フレーム・能力値'!$A$2:$A$115,0), MATCH(E19,'行動フレーム・能力値'!$C$1:$AD$1,0))&" ["&INDEX('行動フレーム・能力値'!$C$2:$AD$115, MATCH($A$1,'行動フレーム・能力値'!$A$2:$A$115,0), MATCH(E19,'行動フレーム・能力値'!$C$1:$AD$1,0)-1)&IF(AND(INDEX('行動フレーム・能力値'!$C$2:$AD$115, MATCH($A$1,'行動フレーム・能力値'!$A$2:$A$115,0), MATCH(E19,'行動フレーム・能力値'!$C$1:$AD$1,0)-1)>=11, INDEX('行動フレーム・能力値'!$C$2:$AD$115, MATCH($A$1,'行動フレーム・能力値'!$A$2:$A$115,0), MATCH(E19,'行動フレーム・能力値'!$C$1:$AD$1,0)-1)<=13),"th",CHOOSE(MIN(5,RIGHT(INDEX('行動フレーム・能力値'!$C$2:$AD$115, MATCH($A$1,'行動フレーム・能力値'!$A$2:$A$115,0), MATCH(E19,'行動フレーム・能力値'!$C$1:$AD$1,0)-1))+1),"th","st","nd","rd","th"))&"]")} -> 1.873 [29th] | G19: ='テンプレート'!G19 -> 小J急降下滞空 | H19: {=IF(INDEX('行動フレーム・能力値'!$C$2:$AD$115, MATCH($A$1,'行動フレーム・能力値'!$A$2:$A$115,0), MATCH(G19,'行動フレーム・能力値'!$C$1:$AD$1,0))="-", "-", INDEX('行動フレーム・能力値'!$C$2:$AD$115, MATCH($A$1,'行動フレーム・能力値'!$A$2:$A$115,0), MATCH(G19,'行動フレーム・能力値'!$C$1:$AD$1,0))&"F")} -> 27F | K19: ='テンプレート'!K19 -> 地上抵抗 | L19: {=IF(INDEX('能力値その他'!$C$2:$AD$115, MATCH($A$1,'能力値その他'!$A$2:$A$115,0), MATCH(K19,'能力値その他'!$C$1:$AD$1,0))="-", "-", INDEX('能力値その他'!$C$2:$AD$115, MATCH($A$1,'能力値その他'!$A$2:$A$115,0), MATCH(K19,'能力値その他'!$C$1:$AD$1,0))&" ["&INDEX('能力値その他'!$C$2:$AD$115, MATCH($A$1,'能力値その他'!$A$2:$A$115,0), MATCH(K19,'能力値その他'!$C$1:$AD$1,0)-1)&IF(AND(INDEX('能力値その他'!$C$2:$AD$115, MATCH($A$1,'能力値その他'!$A$2:$A$115,0), MATCH(K19,'能力値その他'!$C$1:$AD$1,0)-1)>=11, INDEX('能力値その他'!$C$2:$AD$115, MATCH($A$1,'能力値その他'!$A$2:$A$115,0), MATCH(K19,'能力値その他'!$C$1:$AD$1,0)-1)<=13),"th",CHOOSE(MIN(5,RIGHT(INDEX('能力値その他'!$C$2:$AD$115, MATCH($A$1,'能力値その他'!$A$2:$A$115,0), MATCH(K19,'能力値その他'!$C$1:$AD$1,0)-1))+1),"th","st","nd","rd","th"))&"]")} -> 0.123 [16th] | M19: ='テンプレート'!M19 -> 小J高度 | N19: {=IF(INDEX('能力値その他'!$C$2:$AD$115, MATCH($A$1,'能力値その他'!$A$2:$A$115,0), MATCH(M19,'能力値その他'!$C$1:$AD$1,0))="-", "-", INDEX('能力値その他'!$C$2:$AD$115, MATCH($A$1,'能力値その他'!$A$2:$A$115,0), MATCH(M19,'能力値その他'!$C$1:$AD$1,0))&" ["&INDEX('能力値その他'!$C$2:$AD$115, MATCH($A$1,'能力値その他'!$A$2:$A$115,0), MATCH(M19,'能力値その他'!$C$1:$AD$1,0)-1)&IF(AND(INDEX('能力値その他'!$C$2:$AD$115, MATCH($A$1,'能力値その他'!$A$2:$A$115,0), MATCH(M19,'能力値その他'!$C$1:$AD$1,0)-1)>=11, INDEX('能力値その他'!$C$2:$AD$115, MATCH($A$1,'能力値その他'!$A$2:$A$115,0), MATCH(M19,'能力値その他'!$C$1:$AD$1,0)-1)<=13),"th",CHOOSE(MIN(5,RIGHT(INDEX('能力値その他'!$C$2:$AD$115, MATCH($A$1,'能力値その他'!$A$2:$A$115,0), MATCH(M19,'能力値その他'!$C$1:$AD$1,0)-1))+1),"th","st","nd","rd","th"))&"]")} -> 17.3 [22nd]
A20: ='テンプレート'!A20 -> カベ張りつき | B20: FALSE | C20: 走行移行前F | D20: {=IF(INDEX('行動フレーム・能力値'!$C$2:$AD$115, MATCH($A$1,'行動フレーム・能力値'!$A$2:$A$115,0), MATCH(C20,'行動フレーム・能力値'!$C$1:$AD$1,0))="-", "-", INDEX('行動フレーム・能力値'!$C$2:$AD$115, MATCH($A$1,'行動フレーム・能力値'!$A$2:$A$115,0), MATCH(C20,'行動フレーム・能力値'!$C$1:$AD$1,0))&"F ["&INDEX('行動フレーム・能力値'!$C$2:$AD$115, MATCH($A$1,'行動フレーム・能力値'!$A$2:$A$115,0), MATCH(C20,'行動フレーム・能力値'!$C$1:$AD$1,0)-1)&IF(AND(INDEX('行動フレーム・能力値'!$C$2:$AD$115, MATCH($A$1,'行動フレーム・能力値'!$A$2:$A$115,0), MATCH(C20,'行動フレーム・能力値'!$C$1:$AD$1,0)-1)>=11, INDEX('行動フレーム・能力値'!$C$2:$AD$115, MATCH($A$1,'行動フレーム・能力値'!$A$2:$A$115,0), MATCH(C20,'行動フレーム・能力値'!$C$1:$AD$1,0)-1)<=13),"th",CHOOSE(MIN(5,RIGHT(INDEX('行動フレーム・能力値'!$C$2:$AD$115, MATCH($A$1,'行動フレーム・能力値'!$A$2:$A$115,0), MATCH(C20,'行動フレーム・能力値'!$C$1:$AD$1,0)-1))+1),"th","st","nd","rd","th"))&"]")} -> 15F [80th] | E20: ='テンプレート'!E20 -> 空中速度 | F20: {=IF(INDEX('行動フレーム・能力値'!$C$2:$AD$115, MATCH($A$1,'行動フレーム・能力値'!$A$2:$A$115,0), MATCH(E20,'行動フレーム・能力値'!$C$1:$AD$1,0))="-", "-", INDEX('行動フレーム・能力値'!$C$2:$AD$115, MATCH($A$1,'行動フレーム・能力値'!$A$2:$A$115,0), MATCH(E20,'行動フレーム・能力値'!$C$1:$AD$1,0))&" ["&INDEX('行動フレーム・能力値'!$C$2:$AD$115, MATCH($A$1,'行動フレーム・能力値'!$A$2:$A$115,0), MATCH(E20,'行動フレーム・能力値'!$C$1:$AD$1,0)-1)&IF(AND(INDEX('行動フレーム・能力値'!$C$2:$AD$115, MATCH($A$1,'行動フレーム・能力値'!$A$2:$A$115,0), MATCH(E20,'行動フレーム・能力値'!$C$1:$AD$1,0)-1)>=11, INDEX('行動フレーム・能力値'!$C$2:$AD$115, MATCH($A$1,'行動フレーム・能力値'!$A$2:$A$115,0), MATCH(E20,'行動フレーム・能力値'!$C$1:$AD$1,0)-1)<=13),"th",CHOOSE(MIN(5,RIGHT(INDEX('行動フレーム・能力値'!$C$2:$AD$115, MATCH($A$1,'行動フレーム・能力値'!$A$2:$A$115,0), MATCH(E20,'行動フレーム・能力値'!$C$1:$AD$1,0)-1))+1),"th","st","nd","rd","th"))&"]")} -> 1.208 [13th] | G20: ='テンプレート'!G20 -> 大J急降下滞空 | H20: {=IF(INDEX('行動フレーム・能力値'!$C$2:$AD$115, MATCH($A$1,'行動フレーム・能力値'!$A$2:$A$115,0), MATCH(G20,'行動フレーム・能力値'!$C$1:$AD$1,0))="-", "-", INDEX('行動フレーム・能力値'!$C$2:$AD$115, MATCH($A$1,'行動フレーム・能力値'!$A$2:$A$115,0), MATCH(G20,'行動フレーム・能力値'!$C$1:$AD$1,0))&"F")} -> 37F | K20: ='テンプレート'!K20 -> 空中加速 | L20: {=IF(INDEX('能力値その他'!$C$2:$AD$115, MATCH($A$1,'能力値その他'!$A$2:$A$115,0), MATCH(K20,'能力値その他'!$C$1:$AD$1,0))="-", "-", INDEX('能力値その他'!$C$2:$AD$115, MATCH($A$1,'能力値その他'!$A$2:$A$115,0), MATCH(K20,'能力値その他'!$C$1:$AD$1,0))&" ["&INDEX('能力値その他'!$C$2:$AD$115, MATCH($A$1,'能力値その他'!$A$2:$A$115,0), MATCH(K20,'能力値その他'!$C$1:$AD$1,0)-1)&IF(AND(INDEX('能力値その他'!$C$2:$AD$115, MATCH($A$1,'能力値その他'!$A$2:$A$115,0), MATCH(K20,'能力値その他'!$C$1:$AD$1,0)-1)>=11, INDEX('能力値その他'!$C$2:$AD$115, MATCH($A$1,'能力値その他'!$A$2:$A$115,0), MATCH(K20,'能力値その他'!$C$1:$AD$1,0)-1)<=13),"th",CHOOSE(MIN(5,RIGHT(INDEX('能力値その他'!$C$2:$AD$115, MATCH($A$1,'能力値その他'!$A$2:$A$115,0), MATCH(K20,'能力値その他'!$C$1:$AD$1,0)-1))+1),"th","st","nd","rd","th"))&"]")} -> 0.06 [58th] | M20: ='テンプレート'!M20 -> 空中J高度 | N20: {=IF(INDEX('能力値その他'!$C$2:$AD$115, MATCH($A$1,'能力値その他'!$A$2:$A$115,0), MATCH(M20,'能力値その他'!$C$1:$AD$1,0))="-", "-", INDEX('能力値その他'!$C$2:$AD$115, MATCH($A$1,'能力値その他'!$A$2:$A$115,0), MATCH(M20,'能力値その他'!$C$1:$AD$1,0))&" ["&INDEX('能力値その他'!$C$2:$AD$115, MATCH($A$1,'能力値その他'!$A$2:$A$115,0), MATCH(M20,'能力値その他'!$C$1:$AD$1,0)-1)&IF(AND(INDEX('能力値その他'!$C$2:$AD$115, MATCH($A$1,'能力値その他'!$A$2:$A$115,0), MATCH(M20,'能力値その他'!$C$1:$AD$1,0)-1)>=11, INDEX('能力値その他'!$C$2:$AD$115, MATCH($A$1,'能力値その他'!$A$2:$A$115,0), MATCH(M20,'能力値その他'!$C$1:$AD$1,0)-1)<=13),"th",CHOOSE(MIN(5,RIGHT(INDEX('能力値その他'!$C$2:$AD$115, MATCH($A$1,'能力値その他'!$A$2:$A$115,0), MATCH(M20,'能力値その他'!$C$1:$AD$1,0)-1))+1),"th","st","nd","rd","th"))&"]")} -> 35.5 [27th]
A21: ='テンプレート'!A21 -> 空中ワイヤー | B21: FALSE | C21: ='テンプレート'!C21 -> ステップ全体F | D21: {=IF(INDEX('行動フレーム・能力値'!$C$2:$AD$115, MATCH($A$1,'行動フレーム・能力値'!$A$2:$A$115,0), MATCH(C21,'行動フレーム・能力値'!$C$1:$AD$1,0))="-", "-", INDEX('行動フレーム・能力値'!$C$2:$AD$115, MATCH($A$1,'行動フレーム・能力値'!$A$2:$A$115,0), MATCH(C21,'行動フレーム・能力値'!$C$1:$AD$1,0))&"F ["&INDEX('行動フレーム・能力値'!$C$2:$AD$115, MATCH($A$1,'行動フレーム・能力値'!$A$2:$A$115,0), MATCH(C21,'行動フレーム・能力値'!$C$1:$AD$1,0)-1)&IF(AND(INDEX('行動フレーム・能力値'!$C$2:$AD$115, MATCH($A$1,'行動フレーム・能力値'!$A$2:$A$115,0), MATCH(C21,'行動フレーム・能力値'!$C$1:$AD$1,0)-1)>=11, INDEX('行動フレーム・能力値'!$C$2:$AD$115, MATCH($A$1,'行動フレーム・能力値'!$A$2:$A$115,0), MATCH(C21,'行動フレーム・能力値'!$C$1:$AD$1,0)-1)<=13),"th",CHOOSE(MIN(5,RIGHT(INDEX('行動フレーム・能力値'!$C$2:$AD$115, MATCH($A$1,'行動フレーム・能力値'!$A$2:$A$115,0), MATCH(C21,'行動フレーム・能力値'!$C$1:$AD$1,0)-1))+1),"th","st","nd","rd","th"))&"]")} -> 19F [13th] | E21: ='テンプレート'!E21 -> 落下速度 | F21: {=IF(INDEX('行動フレーム・能力値'!$C$2:$AD$115, MATCH($A$1,'行動フレーム・能力値'!$A$2:$A$115,0), MATCH(E21,'行動フレーム・能力値'!$C$1:$AD$1,0))="-", "-", INDEX('行動フレーム・能力値'!$C$2:$AD$115, MATCH($A$1,'行動フレーム・能力値'!$A$2:$A$115,0), MATCH(E21,'行動フレーム・能力値'!$C$1:$AD$1,0))&" ["&INDEX('行動フレーム・能力値'!$C$2:$AD$115, MATCH($A$1,'行動フレーム・能力値'!$A$2:$A$115,0), MATCH(E21,'行動フレーム・能力値'!$C$1:$AD$1,0)-1)&IF(AND(INDEX('行動フレーム・能力値'!$C$2:$AD$115, MATCH($A$1,'行動フレーム・能力値'!$A$2:$A$115,0), MATCH(E21,'行動フレーム・能力値'!$C$1:$AD$1,0)-1)>=11, INDEX('行動フレーム・能力値'!$C$2:$AD$115, MATCH($A$1,'行動フレーム・能力値'!$A$2:$A$115,0), MATCH(E21,'行動フレーム・能力値'!$C$1:$AD$1,0)-1)<=13),"th",CHOOSE(MIN(5,RIGHT(INDEX('行動フレーム・能力値'!$C$2:$AD$115, MATCH($A$1,'行動フレーム・能力値'!$A$2:$A$115,0), MATCH(E21,'行動フレーム・能力値'!$C$1:$AD$1,0)-1))+1),"th","st","nd","rd","th"))&"]")} -> 1.63 [39th] | K21: ='テンプレート'!K21 -> 空中抵抗 | L21: {=IF(INDEX('能力値その他'!$C$2:$AD$115, MATCH($A$1,'能力値その他'!$A$2:$A$115,0), MATCH(K21,'能力値その他'!$C$1:$AD$1,0))="-", "-", INDEX('能力値その他'!$C$2:$AD$115, MATCH($A$1,'能力値その他'!$A$2:$A$115,0), MATCH(K21,'能力値その他'!$C$1:$AD$1,0))&" ["&INDEX('能力値その他'!$C$2:$AD$115, MATCH($A$1,'能力値その他'!$A$2:$A$115,0), MATCH(K21,'能力値その他'!$C$1:$AD$1,0)-1)&IF(AND(INDEX('能力値その他'!$C$2:$AD$115, MATCH($A$1,'能力値その他'!$A$2:$A$115,0), MATCH(K21,'能力値その他'!$C$1:$AD$1,0)-1)>=11, INDEX('能力値その他'!$C$2:$AD$115, MATCH($A$1,'能力値その他'!$A$2:$A$115,0), MATCH(K21,'能力値その他'!$C$1:$AD$1,0)-1)<=13),"th",CHOOSE(MIN(5,RIGHT(INDEX('能力値その他'!$C$2:$AD$115, MATCH($A$1,'能力値その他'!$A$2:$A$115,0), MATCH(K21,'能力値その他'!$C$1:$AD$1,0)-1))+1),"th","st","nd","rd","th"))&"]")} -> 0.015 [9th]
E22: ='テンプレート'!E22 -> 急降下速度 | F22: {=IF(INDEX('行動フレーム・能力値'!$C$2:$AD$115, MATCH($A$1,'行動フレーム・能力値'!$A$2:$A$115,0), MATCH(E22,'行動フレーム・能力値'!$C$1:$AD$1,0))="-", "-", INDEX('行動フレーム・能力値'!$C$2:$AD$115, MATCH($A$1,'行動フレーム・能力値'!$A$2:$A$115,0), MATCH(E22,'行動フレーム・能力値'!$C$1:$AD$1,0))&" ["&INDEX('行動フレーム・能力値'!$C$2:$AD$115, MATCH($A$1,'行動フレーム・能力値'!$A$2:$A$115,0), MATCH(E22,'行動フレーム・能力値'!$C$1:$AD$1,0)-1)&IF(AND(INDEX('行動フレーム・能力値'!$C$2:$AD$115, MATCH($A$1,'行動フレーム・能力値'!$A$2:$A$115,0), MATCH(E22,'行動フレーム・能力値'!$C$1:$AD$1,0)-1)>=11, INDEX('行動フレーム・能力値'!$C$2:$AD$115, MATCH($A$1,'行動フレーム・能力値'!$A$2:$A$115,0), MATCH(E22,'行動フレーム・能力値'!$C$1:$AD$1,0)-1)<=13),"th",CHOOSE(MIN(5,RIGHT(INDEX('行動フレーム・能力値'!$C$2:$AD$115, MATCH($A$1,'行動フレーム・能力値'!$A$2:$A$115,0), MATCH(E22,'行動フレーム・能力値'!$C$1:$AD$1,0)-1))+1),"th","st","nd","rd","th"))&"]")} -> 2.608 [40th] | K22: ='テンプレート'!K22 -> 重力 | L22: {=IF(INDEX('能力値その他'!$C$2:$AD$115, MATCH($A$1,'能力値その他'!$A$2:$A$115,0), MATCH(K22,'能力値その他'!$C$1:$AD$1,0))="-", "-", INDEX('能力値その他'!$C$2:$AD$115, MATCH($A$1,'能力値その他'!$A$2:$A$115,0), MATCH(K22,'能力値その他'!$C$1:$AD$1,0))&" ["&INDEX('能力値その他'!$C$2:$AD$115, MATCH($A$1,'能力値その他'!$A$2:$A$115,0), MATCH(K22,'能力値その他'!$C$1:$AD$1,0)-1)&IF(AND(INDEX('能力値その他'!$C$2:$AD$115, MATCH($A$1,'能力値その他'!$A$2:$A$115,0), MATCH(K22,'能力値その他'!$C$1:$AD$1,0)-1)>=11, INDEX('能力値その他'!$C$2:$AD$115, MATCH($A$1,'能力値その他'!$A$2:$A$115,0), MATCH(K22,'能力値その他'!$C$1:$AD$1,0)-1)<=13),"th",CHOOSE(MIN(5,RIGHT(INDEX('能力値その他'!$C$2:$AD$115, MATCH($A$1,'能力値その他'!$A$2:$A$115,0), MATCH(K22,'能力値その他'!$C$1:$AD$1,0)-1))+1),"th","st","nd","rd","th"))&"]")} -> 0.085 [57th]
A24: 地上攻撃
C25: 判定持続 | D25: 全体フレーム | E25: 基礎ダメージ | F25: ダメージ (1v1) | G25: ガード硬直 | H25: 備考 | K25: ='テンプレート'!K25 -> ベクトル | L25: ='テンプレート'!L25 -> KBG (R.E.) | M25: ='テンプレート'!M25 -> BKB (R.A.) | N25: ='テンプレート'!N25 -> FKB (R.F.) | O25: ='テンプレート'!O25 -> 盾削り値 | P25: ='テンプレート'!P25 -> ﾋｯﾄｽﾄｯﾌﾟ | Q25: ='テンプレート'!Q25 -> ずらし | U25: 慣性消去
A26: 弱攻撃 | B26: 弱1 | C26: 5-6 | D26: 24 | E26: 4 | F26: 4.8 | G26: 5F | H26: 8-28Fは弱2に移行可能。 | U26: なし
B27: 弱2 | C27: 4-6 | D27: 31 | E27: 6 | F27: 7.2 | G27: 6F | U27: 1F
A28: ダッシュ攻撃 | C28: 9-12 | D28: 34 | E28: 12 | F28: 14.4 | G28: 11F | U28: 1F
B29: 持続 | C29: 13-24 | E29: 9 | F29: 10.8 | G29: 9F
A30: 横強 | B30: 上シフト | C30: 7-9 | D30: 35 | E30: 9 | F30: 10.8 | G30: 9F | H30: 左腕無敵：6-9F (全シフト) 転倒率：+15% (下シフトのみ) | U30: 1F(*)
B31: 無シフト | D31: 34 | E31: 8 | F31: 9.6 | G31: 8F
B32: 下シフト | D32: 35 | E32: 9 | F32: 10.8 | G32: 9F
A33: 上強 | C33: 5-11 | D33: 38 | E33: 8/9/10 | F33: 9.6/10.8/12 | G33: 8F/9F/10F | H33: 右腕無敵：5-11F | U33: なし
A34: 下強 | C34: 6-7 | D34: 24 | E34: 6 | F34: 7.2 | G34: 6F | H34: 左腕無敵：5-7F 転倒率：+40% | U34: なし
A35: 横スマッシュ | C35: 22-23 | D35: 54 | E35: 22/21 | F35: 26.4/25.2 | G35: 14F/14F | H35: 頭・両腕無敵：20-26F 相殺モーションなし。 溜め開始：15F目 | U35: 16F
A36: 上スマッシュ | C36: 14-15 | D36: 49 | E36: 19 | F36: 22.8 | G36: 13F | H36: 頭・両腕無敵：12-15F 相殺モーションなし。 溜め開始：7F目 | U36: なし
A37: 下スマッシュ | B37: 始 | C37: 11-12 | D37: 55 | E37: 17/17/14/14 | F37: 20.4/20.4/16.8/16.8 | G37: 11F/11F/10F/10F | H37: 両腕無敵：11-14F 相殺モーションなし。 溜め開始：3F目 | U37: なし
C38: 13-14 | E38: 18/18/14/14 | F38: 21.6/21.6/16.8/16.8 | G38: 12F/12F/10F/10F
A40: 空中攻撃
C41: 判定持続 | D41: 全体フレーム | E41: 基礎ダメージ | F41: ダメージ (1v1) | G41: ダメ (1v1+小J) | H41: ガード硬直 | I41: ='テンプレート'!I56 -> 着地隙 | J41: 着地隙発生F | K41: ='テンプレート'!K56 -> ベクトル | L41: ='テンプレート'!L56 -> KBG (R.E.) | M41: ='テンプレート'!M56 -> BKB (R.A.) | N41: ='テンプレート'!N56 -> FKB (R.F.) | O41: ='テンプレート'!O56 -> 盾削り値 | P41: ='テンプレート'!P56 -> ﾋｯﾄｽﾄｯﾌﾟ | Q41: ='テンプレート'!Q56 -> ずらし | R41: ='テンプレート'!R56 -> 備考
A42: 空N | C42: 10-13 | D42: 38 | E42: 12 | F42: 14.4 | G42: 12.24 | H42: 5F | I42: {=INDEX('空中攻撃'!$O$3:$AB$109, MATCH($A$1,'空中攻撃'!$A$3:$A$109,0), MATCH(A42,'空中攻撃'!$O$2:$S$2,0))} -> 10 | J42: 10-26
B43: 持続 | C43: 14-26 | E43: 9 | F43: 10.8 | G43: 9.18 | H43: 4F
A44: 空前 | C44: 18-20 | D44: 55 | E44: 16 | F44: 19.2 | G44: 16.32 | H44: 6F | I44: {=INDEX('空中攻撃'!$O$3:$AB$109, MATCH($A$1,'空中攻撃'!$A$3:$A$109,0), MATCH(A44,'空中攻撃'!$O$2:$S$2,0))} -> 17 | J44: 1-55
B45: 持続 | C45: 21-23 | E45: 15/13 | F45: 18/15.6 | G45: 15.3/13.26 | H45: 5F/5F
A46: 空後 | C46: 7-8 | D46: 31 | E46: 13 | F46: 15.6 | G46: 13.26 | H46: 5F | I46: {=INDEX('空中攻撃'!$O$3:$AA$109, MATCH($A$1,'空中攻撃'!$A$3:$A$109,0), MATCH(A46,'空中攻撃'!$O$2:$S$2,0))} -> 11 | J46: 7-30
B47: 持続 | C47: 9-16 | E47: 8 | F47: 9.6 | G47: 8.16 | H47: 4F
A48: 空上 | C48: 6-10 | D48: 37 | E48: 13 | F48: 15.6 | G48: 13.26 | H48: 5F | I48: {=INDEX('空中攻撃'!$O$3:$AA$109, MATCH($A$1,'空中攻撃'!$A$3:$A$109,0), MATCH(A48,'空中攻撃'!$O$2:$S$2,0))} -> 15 | J48: 6-25 | R48: 頭無敵：5-10F
A49: 空下 | C49: 14-16 | D49: 54 | E49: 16/13 | F49: 19.2/15.6 | G49: 16.32/13.26 | H49: 6F/5F | I49: {=INDEX('空中攻撃'!$O$3:$AA$109, MATCH($A$1,'空中攻撃'!$A$3:$A$109,0), MATCH(A49,'空中攻撃'!$O$2:$S$2,0))} -> 14 | J49: 3-49
A51: 必殺ワザ
A52: NB (ジャイアントパンチ) | C52: 判定持続 | D52: 全体フレーム | E52: 基礎ダメージ | F52: ダメージ (1v1) | G52: ガード硬直 | H52: 備考 | K52: ベクトル | L52: KBG (R.E.) | M52: BKB (R.A.) | N52: FKB (R.F.) | O52: 盾削り値 | P52: ﾋｯﾄｽﾄｯﾌﾟ | Q52: ずらし | R52: 相殺 | S52: 相殺ﾓｰｼｮﾝ | T52: 飛び道具 | U52: 慣性反転 | V52: 向き反転
A53: 地上 | B53: 溜めなし | C53: 19-20 | D53: 62 | E53: 10 ~ 28 | F53: 12 ~ 33.6 | G53: 10F ~ 24F | H53: スーパーアーマー：9-20F (最大溜め, 地上) スーパーアーマー：15-20F (最大溜め, 空中) 左腕先無敵：4-20F (非最大溜め) 最大溜め：110F 溜め・キャンセル開始：8F目 キャンセルは空中ジャンプのみ全体5F。 回避・シールド・地上ジャンプは全体4F。 慣性反転：5F目 相殺モーションなし。 | R53: TRUE | S53: TRUE | U53: 5F目 | V53: TRUE
B54: 最大溜め | C54: 19-20 | D54: 47 | E54: 28/28/28/18 | F54: 33.6/33.6/33.6/21.6 | G54: 24F/24F/24F/16F | R54: TRUE | S54: TRUE
A55: 空中 | B55: 溜めなし | C55: 19-20 | D55: 62 | E55: 6 ~ 24 | F55: 7.2 ~ 28.8 | G55: 6F ~ 21F | R55: TRUE | S55: FALSE
B56: 最大溜め | C56: 19-20 | D56: 47 | E56: 25 | F56: 30 | G56: 22F | R56: TRUE | S56: FALSE
A57: 横B (ドンキーヘッドバッド) | C57: 判定持続 | D57: 全体フレーム | E57: 基礎ダメージ | F57: ダメージ (1v1) | G57: ガード硬直 | H57: 備考 | K57: ベクトル | L57: KBG (R.E.) | M57: BKB (R.A.) | N57: FKB (R.F.) | O57: 盾削り値 | P57: ﾋｯﾄｽﾄｯﾌﾟ | Q57: ずらし | R57: 相殺 | S57: 相殺ﾓｰｼｮﾝ | T57: 飛び道具 | U57: 慣性反転 | V57: 向き反転
A58: 地上・空中 | B58: 対地 | C58: 20-21 | D58: 62 | E58: 10/8 | F58: 12/9.6 | G58: 10F/- | H58: スーパーアーマー：5-14F 対地は埋め属性。 慣性反転：5F目 ガケつかまり(前後)：2F目以降 | R58: TRUE | S58: TRUE | U58: 5F目 | V58: TRUE
B59: 対空
A60: 上B (スピニングコング) | C60: 判定持続 | D60: 全体フレーム | E60: 基礎ダメージ | F60: ダメージ (1v1) | G60: ガード硬直 | H60: 備考 | K60: ベクトル | L60: KBG (R.E.) | M60: BKB (R.A.) | N60: FKB (R.F.) | O60: 盾削り値 | P60: ﾋｯﾄｽﾄｯﾌﾟ | Q60: ずらし | R60: 相殺 | S60: 相殺ﾓｰｼｮﾝ | T60: 飛び道具 | U60: 慣性反転 | V60: 向き反転
A61: 地上 | B61: Hit 1 | C61: 19 | D61: 104 | E61: 5 | F61: 6 | G61: 6F | H61: スーパーアーマー：5-17F 右腕無敵：19-24F | R61: TRUE | S61: TRUE | U61: 5F目 | V61: TRUE
B62: Hit 2-6 | C62: 25-27, 32-33, 40-42, 49-50, 55-58 | E62: 1.4/1.4/3.5 | F62: 1.68/1.68/4.2 | G62: 3F/3F/4F | R62: TRUE | S62: TRUE
B63: Hit 7 | C63: 62 | E63: 4 | F63: 4.8 | G63: 5F | R63: TRUE | S63: TRUE
A64: 空中 | B64: Hit 1 | C64: 4-6 | E64: 5 | F64: 6 | G64: 6F | H64: 両腕無敵：10-38F 着地隙：42F (ポージング) 着地隙：38F (尻もち) ガケつかまり(前後)：14F目以降 | R64: TRUE | S64: FALSE
B65: Hit 2-13 | C65: 10-12, 13-14, 15-17, 18-19, 20-21, 22-24, 25-26, 27-29, 30-31, 32-33, 34-36, 37-38 | E65: 1 | F65: 1.2 | G65: 2F | R65: TRUE | S65: TRUE
B66: Hit 14 | C66: 39-43 | E66: 2 | F66: 2.4 | G66: 3F | R66: TRUE | S66: FALSE
A67: 下B (ハンドスラップ) | C67: 判定持続 | D67: 全体フレーム | E67: 基礎ダメージ | F67: ダメージ (1v1) | G67: ガード硬直 | H67: 備考 | K67: ベクトル | L67: KBG (R.E.) | M67: BKB (R.A.) | N67: FKB (R.F.) | O67: 盾削り値 | P67: ﾋｯﾄｽﾄｯﾌﾟ | Q67: ずらし | R67: 相殺 | S67: 相殺ﾓｰｼｮﾝ | T67: 飛び道具 | U67: 慣性反転 | V67: 向き反転
A68: 地上 | B68: 最短, Hit 1 | C68: 12-13 | D68: 46 | E68: 14 | F68: 16.8 | G68: 8F | H68: ガード硬直補正倍率：0.58倍 1ループ追加で+26F。 判定は対地のみ。壁などを貫通しない。 相殺なし。 | R68: FALSE | S68: FALSE | U68: 5F目 | V68: TRUE
B69: 最短, Hit 2 | C69: 23-24 | E69: 14 | F69: 16.8 | G69: 8F
A70: 空中 | B70: Hit 1 | C70: 19-21 | D70: 49 | E70: 5 | F70: 6 | G70: 6F | H70: 着地隙：10F 相殺なし。 転倒率：+20% (Hit 2のみ) | R70: FALSE | S70: FALSE | U70: 5F目 | V70: TRUE
B71: Hit 2 | C71: 28-30 | E71: 6 | F71: 7.2 | G71: 6F | R71: FALSE | S71: FALSE
A73: つかみ・投げ
C74: 判定持続 | D74: 全体フレーム | E74: 基礎ダメージ | F74: ダメージ (1v1)
A75: つかみ攻撃 | B75: つかみ攻撃 | C75: 2 | D75: 7 | E75: 1.6 | F75: 1.92
A76: つかみ | B76: その場 | C76: 8-10 | D76: 38
B77: ダッシュ | C77: 11-13 | D77: 46
B78: ふりむき | C78: 12-14 | D78: 41
A79: 投げ | C79: 判定持続 | D79: 全体フレーム | E79: 基礎ダメージ | F79: ダメージ (1v1) | G79: 備考 | K79: ='テンプレート'!K97 -> ベクトル | L79: ='テンプレート'!L97 -> KBG (R.E.) | M79: ='テンプレート'!M97 -> BKB (R.A.) | N79: ='テンプレート'!N97 -> FKB (R.F.) | O79: ='テンプレート'!O97 -> 盾削り値 | P79: ='テンプレート'!P97 -> ﾋｯﾄｽﾄｯﾌﾟ | Q79: ='テンプレート'!Q97 -> ずらし
A80: リフティング | D80: 15 | G80: 投げ無敵：1-15F (移行中) ヘビーアーマー：80KB (待機中)
A81: 前投げ(リフ) | B81: 打撃 | D81: 45 | G81: 投げ無敵なし。
B82: 投げ | C82: 15 | E82: 12 | F82: 14.4
A83: 後投げ(リフ) | B83: 打撃 | D83: 42 | G83: 投げ無敵なし。
B84: 投げ | C84: 16 | E84: 13 | F84: 15.6
A85: 上投げ(リフ) | B85: 打撃 | D85: 29 | G85: 投げ無敵なし。
B86: 投げ | C86: 15 | E86: 12 | F86: 14.4
A87: 下投げ(リフ) | B87: 打撃 | D87: 44 | G87: 投げ無敵なし。
B88: 投げ | C88: 17 | E88: 11 | F88: 13.2
A89: 後投げ | B89: 打撃 | D89: 39
B90: 投げ | C90: 15 | E90: 11 | F90: 13.2
A91: 上投げ | B91: 打撃 | D91: 43
B92: 投げ | C92: 14 | E92: 9 | F92: 10.8
A93: 下投げ | B93: 打撃 | D93: 54
B94: 投げ | C94: 19 | E94: 7 | F94: 8.4
A96: 回避
C97: 無敵フレーム | D97: 無敵 (ペナ最大) | E97: 全体フレーム | F97: 全体 (ペナ最大)
A98: 地上回避 | B98: その場 | C98: {=INDEX('回避'!$C$3:$U$84, MATCH($A$1,'回避'!$A$3:$A$91,0), MATCH(C97,'回避'!$C$2:$F$2,0))} -> 3-17 | D98: {=INDEX('回避'!$C$3:$U$84, MATCH($A$1,'回避'!$A$3:$A$91,0), MATCH(D97,'回避'!$C$2:$F$2,0))} -> 6-17 | E98: {=INDEX('回避'!$C$3:$U$84, MATCH($A$1,'回避'!$A$3:$A$91,0), MATCH(E97,'回避'!$C$2:$F$2,0))} -> 26 (21) | F98: {=INDEX('回避'!$C$3:$U$84, MATCH($A$1,'回避'!$A$3:$A$91,0), MATCH(F97,'回避'!$C$2:$F$2,0))} -> 35 (28)
B99: 前方 | C99: {=INDEX('回避'!$G$3:$U$84, MATCH($A$1,'回避'!$A$3:$A$91,0), MATCH(C97,'回避'!$G$2:$J$2,0))} -> 4-15 | D99: {=INDEX('回避'!$G$3:$U$84, MATCH($A$1,'回避'!$A$3:$A$91,0), MATCH(D97,'回避'!$G$2:$J$2,0))} -> 8-14 | E99: {=INDEX('回避'!$G$3:$U$84, MATCH($A$1,'回避'!$A$3:$A$91,0), MATCH(E97,'回避'!$G$2:$J$2,0))} -> 30 | F99: {=INDEX('回避'!$G$3:$U$84, MATCH($A$1,'回避'!$A$3:$A$91,0), MATCH(F97,'回避'!$G$2:$J$2,0))} -> 40
B100: 後方 | C100: {=INDEX('回避'!$K$3:$U$84, MATCH($A$1,'回避'!$A$3:$A$91,0), MATCH(C97,'回避'!$K$2:$N$2,0))} -> 5-16 | D100: {=INDEX('回避'!$K$3:$U$84, MATCH($A$1,'回避'!$A$3:$A$91,0), MATCH(D97,'回避'!$K$2:$N$2,0))} -> 9-14 | E100: {=INDEX('回避'!$K$3:$U$84, MATCH($A$1,'回避'!$A$3:$A$91,0), MATCH(E97,'回避'!$K$2:$N$2,0))} -> 35 | F100: {=INDEX('回避'!$K$3:$U$84, MATCH($A$1,'回避'!$A$3:$A$91,0), MATCH(F97,'回避'!$K$2:$N$2,0))} -> 53
A101: 空中回避 | B101: 通常 | C101: {=INDEX('回避'!$O$3:$U$84, MATCH($A$1,'回避'!$A$3:$A$91,0), MATCH(C97,'回避'!$O$2:$R$2,0))} -> 4-32 | D101: {=INDEX('回避'!$O$3:$U$84, MATCH($A$1,'回避'!$A$3:$A$91,0), MATCH(D97,'回避'!$O$2:$R$2,0))} -> 7-29 | E101: {=INDEX('回避'!$O$3:$U$84, MATCH($A$1,'回避'!$A$3:$A$91,0), MATCH(E97,'回避'!$O$2:$R$2,0))} -> 48
B102: 移動 | C102: {=INDEX('回避'!$S$3:$U$84, MATCH($A$1,'回避'!$A$3:$A$91,0), MATCH(C97,'回避'!$S$2:$U$2,0))} -> 4-22 | D102: {=INDEX('回避'!$S$3:$U$84, MATCH($A$1,'回避'!$A$3:$A$91,0), MATCH(D97,'回避'!$S$2:$U$2,0))} -> 7-21 | E102: {=INDEX('回避'!$S$3:$U$84, MATCH($A$1,'回避'!$A$3:$A$91,0), MATCH(E97,'回避'!$S$2:$U$2,0))} -> 真横：82 真上：109 真下：66
A104: 共通動作 (ガケ・受け身...)
C105: 無敵フレーム | D105: 全体フレーム | E105: 判定持続 | F105: 基礎ダメージ | G105: ダメージ (1v1) | K105: ='テンプレート'!K116 -> アイテム取得 | M105: ='テンプレート'!M116 -> 取得フレーム | N105: ='テンプレート'!N116 -> 全体フレーム
A106: ガケ行動 | B106: ガケつかまり | D106: {=INDEX('崖行動・受け身'!$C$3:$C111, MATCH($A$1,'崖行動・受け身'!$A$3:$A$115,0), MATCH(D105,'崖行動・受け身'!$C$2,0))} -> 19 | K106: ='テンプレート'!K117 -> 小アイテム | L106: ='テンプレート'!L117 -> その場 | M106: - | N106: 7
B107: その場 | C107: {=INDEX('崖行動・受け身'!$D$3:$E111, MATCH($A$1,'崖行動・受け身'!$A$3:$A$115,0), MATCH(C105,'崖行動・受け身'!$D$2:$E$2,0))} -> 1-33 | D107: {=INDEX('崖行動・受け身'!$D$3:$E111, MATCH($A$1,'崖行動・受け身'!$A$3:$A$115,0), MATCH(D105,'崖行動・受け身'!$D$2:$E$2,0))} -> 34 | L107: ='テンプレート'!L118 -> 歩き | M107: - | N107: 19
B108: 回避 | C108: {=INDEX('崖行動・受け身'!$F$3:$G$115, MATCH($A$1,'崖行動・受け身'!$A$3:$A$115,0), MATCH(C105,'崖行動・受け身'!$F$2:$G$2,0))} -> 1-28 | D108: {=INDEX('崖行動・受け身'!$F$3:$G$115, MATCH($A$1,'崖行動・受け身'!$A$3:$A$115,0), MATCH(D105,'崖行動・受け身'!$F$2:$G$2,0))} -> 45 | K108: ='テンプレート'!K119 -> アイテム投擲 | M108: ='テンプレート'!M119 -> 投擲フレーム | N108: ='テンプレート'!N119 -> 全体フレーム
B109: ジャンプ | C109: {=INDEX('崖行動・受け身'!$H$3:$I$115, MATCH($A$1,'崖行動・受け身'!$A$3:$A$115,0), MATCH(C105,'崖行動・受け身'!$H$2:$I$2,0))} -> 1-12 | D109: {=INDEX('崖行動・受け身'!$H$3:$I$115, MATCH($A$1,'崖行動・受け身'!$A$3:$A$115,0), MATCH(D105,'崖行動・受け身'!$H$2:$I$2,0))} -> 14 | K109: ='テンプレート'!K120 -> 地上投擲 | L109: ='テンプレート'!L120 -> 前投げ | M109: 10 | N109: 38
B110: 攻撃 | C110: {=INDEX('崖行動・受け身'!$J$3:$M$115, MATCH($A$1,'崖行動・受け身'!$A$3:$A$115,0), MATCH(C105,'崖行動・受け身'!$J$2:$M$2,0))} -> 1-25 | D110: {=INDEX('崖行動・受け身'!$J$3:$M$115, MATCH($A$1,'崖行動・受け身'!$A$3:$A$115,0), MATCH(D105,'崖行動・受け身'!$J$2:$M$2,0))} -> 55 | E110: {=INDEX('崖行動・受け身'!$J$3:$M$115, MATCH($A$1,'崖行動・受け身'!$A$3:$A$115,0), MATCH(E105,'崖行動・受け身'!$J$2:$M$2,0))} -> 23-25 | F110: {=INDEX('崖行動・受け身'!$J$3:$M$115, MATCH($A$1,'崖行動・受け身'!$A$3:$A$115,0), MATCH(F105,'崖行動・受け身'!$J$2:$M$2,0))} -> 10 | G110: =F110*1.2 -> 12 | L110: ='テンプレート'!L121 -> 後投げ | M110: 14 | N110: 38
A111: 受け身 | B111: その場 | C111: {=INDEX('崖行動・受け身'!$N$3:$O$115, MATCH($A$1,'崖行動・受け身'!$A$3:$A$115,0), MATCH(C105,'崖行動・受け身'!$N$2:$O$2,0))} -> 1-20 | D111: {=INDEX('崖行動・受け身'!$N$3:$O$115, MATCH($A$1,'崖行動・受け身'!$A$3:$A$115,0), MATCH(D105,'崖行動・受け身'!$N$2:$O$2,0))} -> 26 | L111: ='テンプレート'!L122 -> 上投げ | M111: 15 | N111: 38
B112: 前方 | C112: {=INDEX('崖行動・受け身'!$P$3:$Q$115, MATCH($A$1,'崖行動・受け身'!$A$3:$A$115,0), MATCH(C105,'崖行動・受け身'!$P$2:$Q$2,0))} -> 1-20 | D112: {=INDEX('崖行動・受け身'!$P$3:$Q$115, MATCH($A$1,'崖行動・受け身'!$A$3:$A$115,0), MATCH(D105,'崖行動・受け身'!$P$2:$Q$2,0))} -> 40 | L112: ='テンプレート'!L123 -> 下投げ | M112: 8 | N112: 30
B113: 後方 | C113: {=INDEX('崖行動・受け身'!$R$3:$S$115, MATCH($A$1,'崖行動・受け身'!$A$3:$A$115,0), MATCH(C105,'崖行動・受け身'!$R$2:$S$2,0))} -> 1-20 | D113: {=INDEX('崖行動・受け身'!$R$3:$S$115, MATCH($A$1,'崖行動・受け身'!$A$3:$A$115,0), MATCH(D105,'崖行動・受け身'!$R$2:$S$2,0))} -> 40 | L113: ='テンプレート'!L124 -> ダッシュ | M113: 6 | N113: 39
A114: あお向けダウン | B114: 倒れ | D114: {=INDEX('起きあがり'!$C$3:$C111, MATCH($A$1,'起きあがり'!$A$3:$A$115,0), MATCH(D105,'起きあがり'!$C$2:$AD$2,0))} -> 25 | L114: ='テンプレート'!L125 -> その場捨て | M114: 7 | N114: 27
...

Sheet 3. リンク
A1: 3 | C1: =IMAGE(VLOOKUP($A$1,Fighters!A2:AI114,12,FALSE),1) -> #REF!
A2: =VLOOKUP($A$1,Fighters!$A$2:$AI$81,6,FALSE) -> #5bb8d4
A3: =VLOOKUP($A$1,Fighters!$A$2:$AI$81,14,FALSE) -> 3. リンク
A4: =VLOOKUP($A$1,Fighters!$A$2:$AI$81,13,FALSE) -> 1
I6: 最終更新
H8: 44533.408
A15: ='テンプレート'!A15 -> 行動フレーム・能力値
C16: ='テンプレート'!C16 -> 行動フレーム | E16: ='テンプレート'!E16 -> 能力値 | G16: ='テンプレート'!G16 -> 滞空フレーム | K16: ='テンプレート'!K16 -> 能力値その他
A17: ='テンプレート'!A17 -> ジャンプ回数 | B17: 2回 | C17: ='テンプレート'!C17 -> ジャンプ踏切 | D17: {=IF(INDEX('行動フレーム・能力値'!$C$2:$AD$115, MATCH($A$1,'行動フレーム・能力値'!$A$2:$A$115,0), MATCH(C17,'行動フレーム・能力値'!$C$1:$AD$1,0))="-", "-", INDEX('行動フレーム・能力値'!$C$2:$AD$115, MATCH($A$1,'行動フレーム・能力値'!$A$2:$A$115,0), MATCH(C17,'行動フレーム・能力値'!$C$1:$AD$1,0))&"F")} -> 3F | E17: ='テンプレート'!E17 -> 体重 | F17: {=IF(INDEX('行動フレーム・能力値'!$C$2:$AD$115, MATCH($A$1,'行動フレーム・能力値'!$A$2:$A$115,0), MATCH(E17,'行動フレーム・能力値'!$C$1:$AD$1,0))="-", "-", INDEX('行動フレーム・能力値'!$C$2:$AD$115, MATCH($A$1,'行動フレーム・能力値'!$A$2:$A$115,0), MATCH(E17,'行動フレーム・能力値'!$C$1:$AD$1,0))&" ["&INDEX('行動フレーム・能力値'!$C$2:$AD$115, MATCH($A$1,'行動フレーム・能力値'!$A$2:$A$115,0), MATCH(E17,'行動フレーム・能力値'!$C$1:$AD$1,0)-1)&IF(AND(INDEX('行動フレーム・能力値'!$C$2:$AD$115, MATCH($A$1,'行動フレーム・能力値'!$A$2:$A$115,0), MATCH(E17,'行動フレーム・能力値'!$C$1:$AD$1,0)-1)>=11, INDEX('行動フレーム・能力値'!$C$2:$AD$115, MATCH($A$1,'行動フレーム・能力値'!$A$2:$A$115,0), MATCH(E17,'行動フレーム・能力値'!$C$1:$AD$1,0)-1)<=13),"th",CHOOSE(MIN(5,RIGHT(INDEX('行動フレーム・能力値'!$C$2:$AD$115, MATCH($A$1,'行動フレーム・能力値'!$A$2:$A$115,0), MATCH(E17,'行動フレーム・能力値'!$C$1:$AD$1,0)-1))+1),"th","st","nd","rd","th"))&"]")} -> 104 [22nd] | G17: ='テンプレート'!G17 -> 小J滞空 | H17: {=IF(INDEX('行動フレーム・能力値'!$C$2:$AD$115, MATCH($A$1,'行動フレーム・能力値'!$A$2:$A$115,0), MATCH(G17,'行動フレーム・能力値'!$C$1:$AD$1,0))="-", "-", INDEX('行動フレーム・能力値'!$C$2:$AD$115, MATCH($A$1,'行動フレーム・能力値'!$A$2:$A$115,0), MATCH(G17,'行動フレーム・能力値'!$C$1:$AD$1,0))&"F")} -> 33F | K17: ='テンプレート'!K17 -> ダッシュ初速 | L17: {=IF(INDEX('能力値その他'!$C$2:$AD$115, MATCH($A$1,'能力値その他'!$A$2:$A$115,0), MATCH(K17,'能力値その他'!$C$1:$AD$1,0))="-", "-", INDEX('能力値その他'!$C$2:$AD$115, MATCH($A$1,'能力値その他'!$A$2:$A$115,0), MATCH(K17,'能力値その他'!$C$1:$AD$1,0))&" ["&INDEX('能力値その他'!$C$2:$AD$115, MATCH($A$1,'能力値その他'!$A$2:$A$115,0), MATCH(K17,'能力値その他'!$C$1:$AD$1,0)-1)&IF(AND(INDEX('能力値その他'!$C$2:$AD$115, MATCH($A$1,'能力値その他'!$A$2:$A$115,0), MATCH(K17,'能力値その他'!$C$1:$AD$1,0)-1)>=11, INDEX('能力値その他'!$C$2:$AD$115, MATCH($A$1,'能力値その他'!$A$2:$A$115,0), MATCH(K17,'能力値その他'!$C$1:$AD$1,0)-1)<=13),"th",CHOOSE(MIN(5,RIGHT(INDEX('能力値その他'!$C$2:$AD$115, MATCH($A$1,'能力値その他'!$A$2:$A$115,0), MATCH(K17,'能力値その他'!$C$1:$AD$1,0)-1))+1),"th","st","nd","rd","th"))&"]")} -> 1.98 [30th] | M17: ='テンプレート'!M17 -> 大J初速 | N17: {=IF(INDEX('能力値その他'!$C$2:$AD$115, MATCH($A$1,'能力値その他'!$A$2:$A$115,0), MATCH(M17,'能力値その他'!$C$1:$AD$1,0))="-", "-", INDEX('能力値その他'!$C$2:$AD$115, MATCH($A$1,'能力値その他'!$A$2:$A$115,0), MATCH(M17,'能力値その他'!$C$1:$AD$1,0))&" ["&INDEX('能力値その他'!$C$2:$AD$115, MATCH($A$1,'能力値その他'!$A$2:$A$115,0), MATCH(M17,'能力値その他'!$C$1:$AD$1,0)-1)&IF(AND(INDEX('能力値その他'!$C$2:$AD$115, MATCH($A$1,'能力値その他'!$A$2:$A$115,0), MATCH(M17,'能力値その他'!$C$1:$AD$1,0)-1)>=11, INDEX('能力値その他'!$C$2:$AD$115, MATCH($A$1,'能力値その他'!$A$2:$A$115,0), MATCH(M17,'能力値その他'!$C$1:$AD$1,0)-1)<=13),"th",CHOOSE(MIN(5,RIGHT(INDEX('能力値その他'!$C$2:$AD$115, MATCH($A$1,'能力値その他'!$A$2:$A$115,0), MATCH(M17,'能力値その他'!$C$1:$AD$1,0)-1))+1),"th","st","nd","rd","th"))&"]")} -> -
A18: ='テンプレート'!A18 -> しゃがみ歩き | B18: FALSE | C18: ='テンプレート'!C18 -> 小着地 | D18: {=IF(INDEX('行動フレーム・能力値'!$C$2:$AD$115, MATCH($A$1,'行動フレーム・能力値'!$A$2:$A$115,0), MATCH(C18,'行動フレーム・能力値'!$C$1:$AD$1,0))="-", "-", INDEX('行動フレーム・能力値'!$C$2:$AD$115, MATCH($A$1,'行動フレーム・能力値'!$A$2:$A$115,0), MATCH(C18,'行動フレーム・能力値'!$C$1:$AD$1,0))&"F")} -> 2F | E18: ='テンプレート'!E18 -> 歩行速度 | F18: {=IF(INDEX('行動フレーム・能力値'!$C$2:$AD$115, MATCH($A$1,'行動フレーム・能力値'!$A$2:$A$115,0), MATCH(E18,'行動フレーム・能力値'!$C$1:$AD$1,0))="-", "-", INDEX('行動フレーム・能力値'!$C$2:$AD$115, MATCH($A$1,'行動フレーム・能力値'!$A$2:$A$115,0), MATCH(E18,'行動フレーム・能力値'!$C$1:$AD$1,0))&" ["&INDEX('行動フレーム・能力値'!$C$2:$AD$115, MATCH($A$1,'行動フレーム・能力値'!$A$2:$A$115,0), MATCH(E18,'行動フレーム・能力値'!$C$1:$AD$1,0)-1)&IF(AND(INDEX('行動フレーム・能力値'!$C$2:$AD$115, MATCH($A$1,'行動フレーム・能力値'!$A$2:$A$115,0), MATCH(E18,'行動フレーム・能力値'!$C$1:$AD$1,0)-1)>=11, INDEX('行動フレーム・能力値'!$C$2:$AD$115, MATCH($A$1,'行動フレーム・能力値'!$A$2:$A$115,0), MATCH(E18,'行動フレーム・能力値'!$C$1:$AD$1,0)-1)<=13),"th",CHOOSE(MIN(5,RIGHT(INDEX('行動フレーム・能力値'!$C$2:$AD$115, MATCH($A$1,'行動フレーム・能力値'!$A$2:$A$115,0), MATCH(E18,'行動フレーム・能力値'!$C$1:$AD$1,0)-1))+1),"th","st","nd","rd","th"))&"]")} -> 1.247 [23rd] | G18: ='テンプレート'!G18 -> 大J滞空 | H18: {=IF(INDEX('行動フレーム・能力値'!$C$2:$AD$115, MATCH($A$1,'行動フレーム・能力値'!$A$2:$A$115,0), MATCH(G18,'行動フレーム・能力値'!$C$1:$AD$1,0))="-", "-", INDEX('行動フレーム・能力値'!$C$2:$AD$115, MATCH($A$1,'行動フレーム・能力値'!$A$2:$A$115,0), MATCH(G18,'行動フレーム・能力値'!$C$1:$AD$1,0))&"F")} -> 45F | K18: ='テンプレート'!K18 -> 走行加速 | L18: {=IF(INDEX('能力値その他'!$C$2:$AD$115, MATCH($A$1,'能力値その他'!$A$2:$A$115,0), MATCH(K18,'能力値その他'!$C$1:$AD$1,0))="-", "-", INDEX('能力値その他'!$C$2:$AD$115, MATCH($A$1,'能力値その他'!$A$2:$A$115,0), MATCH(K18,'能力値その他'!$C$1:$AD$1,0))&" ["&INDEX('能力値その他'!$C$2:$AD$115, MATCH($A$1,'能力値その他'!$A$2:$A$115,0), MATCH(K18,'能力値その他'!$C$1:$AD$1,0)-1)&IF(AND(INDEX('能力値その他'!$C$2:$AD$115, MATCH($A$1,'能力値その他'!$A$2:$A$115,0), MATCH(K18,'能力値その他'!$C$1:$AD$1,0)-1)>=11, INDEX('能力値その他'!$C$2:$AD$115, MATCH($A$1,'能力値その他'!$A$2:$A$115,0), MATCH(K18,'能力値その他'!$C$1:$AD$1,0)-1)<=13),"th",CHOOSE(MIN(5,RIGHT(INDEX('能力値その他'!$C$2:$AD$115, MATCH($A$1,'能力値その他'!$A$2:$A$115,0), MATCH(K18,'能力値その他'!$C$1:$AD$1,0)-1))+1),"th","st","nd","rd","th"))&"]")} -> 0.17567 [11th] | M18: ='テンプレート'!M18 -> 大J高度 | N18: {=IF(INDEX('能力値その他'!$C$2:$AD$115, MATCH($A$1,'能力値その他'!$A$2:$A$115,0), MATCH(M18,'能力値その他'!$C$1:$AD$1,0))="-", "-", INDEX('能力値その他'!$C$2:$AD$115, MATCH($A$1,'能力値その他'!$A$2:$A$115,0), MATCH(M18,'能力値その他'!$C$1:$AD$1,0))&" ["&INDEX('能力値その他'!$C$2:$AD$115, MATCH($A$1,'能力値その他'!$A$2:$A$115,0), MATCH(M18,'能力値その他'!$C$1:$AD$1,0)-1)&IF(AND(INDEX('能力値その他'!$C$2:$AD$115, MATCH($A$1,'能力値その他'!$A$2:$A$115,0), MATCH(M18,'能力値その他'!$C$1:$AD$1,0)-1)>=11, INDEX('能力値その他'!$C$2:$AD$115, MATCH($A$1,'能力値その他'!$A$2:$A$115,0), MATCH(M18,'能力値その他'!$C$1:$AD$1,0)-1)<=13),"th",CHOOSE(MIN(5,RIGHT(INDEX('能力値その他'!$C$2:$AD$115, MATCH($A$1,'能力値その他'!$A$2:$A$115,0), MATCH(M18,'能力値その他'!$C$1:$AD$1,0)-1))+1),"th","st","nd","rd","th"))&"]")} -> 27.8 [76th]
A19: ='テンプレート'!A19 -> カベジャンプ | B19: FALSE | C19: ='テンプレート'!C19 -> 大着地 | D19: {=IF(INDEX('行動フレーム・能力値'!$C$2:$AD$115, MATCH($A$1,'行動フレーム・能力値'!$A$2:$A$115,0), MATCH(C19,'行動フレーム・能力値'!$C$1:$AD$1,0))="-", "-", INDEX('行動フレーム・能力値'!$C$2:$AD$115, MATCH($A$1,'行動フレーム・能力値'!$A$2:$A$115,0), MATCH(C19,'行動フレーム・能力値'!$C$1:$AD$1,0))&"F")} -> 5F | E19: ='テンプレート'!E19 -> 走行速度 | F19: {=IF(INDEX('行動フレーム・能力値'!$C$2:$AD$115, MATCH($A$1,'行動フレーム・能力値'!$A$2:$A$115,0), MATCH(E19,'行動フレーム・能力値'!$C$1:$AD$1,0))="-", "-", INDEX('行動フレーム・能力値'!$C$2:$AD$115, MATCH($A$1,'行動フレーム・能力値'!$A$2:$A$115,0), MATCH(E19,'行動フレーム・能力値'!$C$1:$AD$1,0))&" ["&INDEX('行動フレーム・能力値'!$C$2:$AD$115, MATCH($A$1,'行動フレーム・能力値'!$A$2:$A$115,0), MATCH(E19,'行動フレーム・能力値'!$C$1:$AD$1,0)-1)&IF(AND(INDEX('行動フレーム・能力値'!$C$2:$AD$115, MATCH($A$1,'行動フレーム・能力値'!$A$2:$A$115,0), MATCH(E19,'行動フレーム・能力値'!$C$1:$AD$1,0)-1)>=11, INDEX('行動フレーム・能力値'!$C$2:$AD$115, MATCH($A$1,'行動フレーム・能力値'!$A$2:$A$115,0), MATCH(E19,'行動フレーム・能力値'!$C$1:$AD$1,0)-1)<=13),"th",CHOOSE(MIN(5,RIGHT(INDEX('行動フレーム・能力値'!$C$2:$AD$115, MATCH($A$1,'行動フレーム・能力値'!$A$2:$A$115,0), MATCH(E19,'行動フレーム・能力値'!$C$1:$AD$1,0)-1))+1),"th","st","nd","rd","th"))&"]")} -> 1.534 [71st] | G19: ='テンプレート'!G19 -> 小J急降下滞空 | H19: {=IF(INDEX('行動フレーム・能力値'!$C$2:$AD$115, MATCH($A$1,'行動フレーム・能力値'!$A$2:$A$115,0), MATCH(G19,'行動フレーム・能力値'!$C$1:$AD$1,0))="-", "-", INDEX('行動フレーム・能力値'!$C$2:$AD$115, MATCH($A$1,'行動フレーム・能力値'!$A$2:$A$115,0), MATCH(G19,'行動フレーム・能力値'!$C$1:$AD$1,0))&"F")} -> 22F | K19: ='テンプレート'!K19 -> 地上抵抗 | L19: {=IF(INDEX('能力値その他'!$C$2:$AD$115, MATCH($A$1,'能力値その他'!$A$2:$A$115,0), MATCH(K19,'能力値その他'!$C$1:$AD$1,0))="-", "-", INDEX('能力値その他'!$C$2:$AD$115, MATCH($A$1,'能力値その他'!$A$2:$A$115,0), MATCH(K19,'能力値その他'!$C$1:$AD$1,0))&" ["&INDEX('能力値その他'!$C$2:$AD$115, MATCH($A$1,'能力値その他'!$A$2:$A$115,0), MATCH(K19,'能力値その他'!$C$1:$AD$1,0)-1)&IF(AND(INDEX('能力値その他'!$C$2:$AD$115, MATCH($A$1,'能力値その他'!$A$2:$A$115,0), MATCH(K19,'能力値その他'!$C$1:$AD$1,0)-1)>=11, INDEX('能力値その他'!$C$2:$AD$115, MATCH($A$1,'能力値その他'!$A$2:$A$115,0), MATCH(K19,'能力値その他'!$C$1:$AD$1,0)-1)<=13),"th",CHOOSE(MIN(5,RIGHT(INDEX('能力値その他'!$C$2:$AD$115, MATCH($A$1,'能力値その他'!$A$2:$A$115,0), MATCH(K19,'能力値その他'!$C$1:$AD$1,0)-1))+1),"th","st","nd","rd","th"))&"]")} -> 0.113 [34th] | M19: ='テンプレート'!M19 -> 小J高度 | N19: {=IF(INDEX('能力値その他'!$C$2:$AD$115, MATCH($A$1,'能力値その他'!$A$2:$A$115,0), MATCH(M19,'能力値その他'!$C$1:$AD$1,0))="-", "-", INDEX('能力値その他'!$C$2:$AD$115, MATCH($A$1,'能力値その他'!$A$2:$A$115,0), MATCH(M19,'能力値その他'!$C$1:$AD$1,0))&" ["&INDEX('能力値その他'!$C$2:$AD$115, MATCH($A$1,'能力値その他'!$A$2:$A$115,0), MATCH(M19,'能力値その他'!$C$1:$AD$1,0)-1)&IF(AND(INDEX('能力値その他'!$C$2:$AD$115, MATCH($A$1,'能力値その他'!$A$2:$A$115,0), MATCH(M19,'能力値その他'!$C$1:$AD$1,0)-1)>=11, INDEX('能力値その他'!$C$2:$AD$115, MATCH($A$1,'能力値その他'!$A$2:$A$115,0), MATCH(M19,'能力値その他'!$C$1:$AD$1,0)-1)<=13),"th",CHOOSE(MIN(5,RIGHT(INDEX('能力値その他'!$C$2:$AD$115, MATCH($A$1,'能力値その他'!$A$2:$A$115,0), MATCH(M19,'能力値その他'!$C$1:$AD$1,0)-1))+1),"th","st","nd","rd","th"))&"]")} -> 13.38 [76th]
A20: ='テンプレート'!A20 -> カベ張りつき | B20: FALSE | C20: 走行移行前F | D20: {=IF(INDEX('行動フレーム・能力値'!$C$2:$AD$115, MATCH($A$1,'行動フレーム・能力値'!$A$2:$A$115,0), MATCH(C20,'行動フレーム・能力値'!$C$1:$AD$1,0))="-", "-", INDEX('行動フレーム・能力値'!$C$2:$AD$115, MATCH($A$1,'行動フレーム・能力値'!$A$2:$A$115,0), MATCH(C20,'行動フレーム・能力値'!$C$1:$AD$1,0))&"F ["&INDEX('行動フレーム・能力値'!$C$2:$AD$115, MATCH($A$1,'行動フレーム・能力値'!$A$2:$A$115,0), MATCH(C20,'行動フレーム・能力値'!$C$1:$AD$1,0)-1)&IF(AND(INDEX('行動フレーム・能力値'!$C$2:$AD$115, MATCH($A$1,'行動フレーム・能力値'!$A$2:$A$115,0), MATCH(C20,'行動フレーム・能力値'!$C$1:$AD$1,0)-1)>=11, INDEX('行動フレーム・能力値'!$C$2:$AD$115, MATCH($A$1,'行動フレーム・能力値'!$A$2:$A$115,0), MATCH(C20,'行動フレーム・能力値'!$C$1:$AD$1,0)-1)<=13),"th",CHOOSE(MIN(5,RIGHT(INDEX('行動フレーム・能力値'!$C$2:$AD$115, MATCH($A$1,'行動フレーム・能力値'!$A$2:$A$115,0), MATCH(C20,'行動フレーム・能力値'!$C$1:$AD$1,0)-1))+1),"th","st","nd","rd","th"))&"]")} -> 12F [62nd] | E20: ='テンプレート'!E20 -> 空中速度 | F20: {=IF(INDEX('行動フレーム・能力値'!$C$2:$AD$115, MATCH($A$1,'行動フレーム・能力値'!$A$2:$A$115,0), MATCH(E20,'行動フレーム・能力値'!$C$1:$AD$1,0))="-", "-", INDEX('行動フレーム・能力値'!$C$2:$AD$115, MATCH($A$1,'行動フレーム・能力値'!$A$2:$A$115,0), MATCH(E20,'行動フレーム・能力値'!$C$1:$AD$1,0))&" ["&INDEX('行動フレーム・能力値'!$C$2:$AD$115, MATCH($A$1,'行動フレーム・能力値'!$A$2:$A$115,0), MATCH(E20,'行動フレーム・能力値'!$C$1:$AD$1,0)-1)&IF(AND(INDEX('行動フレーム・能力値'!$C$2:$AD$115, MATCH($A$1,'行動フレーム・能力値'!$A$2:$A$115,0), MATCH(E20,'行動フレーム・能力値'!$C$1:$AD$1,0)-1)>=11, INDEX('行動フレーム・能力値'!$C$2:$AD$115, MATCH($A$1,'行動フレーム・能力値'!$A$2:$A$115,0), MATCH(E20,'行動フレーム・能力値'!$C$1:$AD$1,0)-1)<=13),"th",CHOOSE(MIN(5,RIGHT(INDEX('行動フレーム・能力値'!$C$2:$AD$115, MATCH($A$1,'行動フレーム・能力値'!$A$2:$A$115,0), MATCH(E20,'行動フレーム・能力値'!$C$1:$AD$1,0)-1))+1),"th","st","nd","rd","th"))&"]")} -> 0.924 [75th] | G20: ='テンプレート'!G20 -> 大J急降下滞空 | H20: {=IF(INDEX('行動フレーム・能力値'!$C$2:$AD$115, MATCH($A$1,'行動フレーム・能力値'!$A$2:$A$115,0), MATCH(G20,'行動フレーム・能力値'!$C$1:$AD$1,0))="-", "-", INDEX('行動フレーム・能力値'!$C$2:$AD$115, MATCH($A$1,'行動フレーム・能力値'!$A$2:$A$115,0), MATCH(G20,'行動フレーム・能力値'!$C$1:$AD$1,0))&"F")} -> 30F | K20: ='テンプレート'!K20 -> 空中加速 | L20: {=IF(INDEX('能力値その他'!$C$2:$AD$115, MATCH($A$1,'能力値その他'!$A$2:$A$115,0), MATCH(K20,'能力値その他'!$C$1:$AD$1,0))="-", "-", INDEX('能力値その他'!$C$2:$AD$115, MATCH($A$1,'能力値その他'!$A$2:$A$115,0), MATCH(K20,'能力値その他'!$C$1:$AD$1,0))&" ["&INDEX('能力値その他'!$C$2:$AD$115, MATCH($A$1,'能力値その他'!$A$2:$A$115,0), MATCH(K20,'能力値その他'!$C$1:$AD$1,0)-1)&IF(AND(INDEX('能力値その他'!$C$2:$AD$115, MATCH($A$1,'能力値その他'!$A$2:$A$115,0), MATCH(K20,'能力値その他'!$C$1:$AD$1,0)-1)>=11, INDEX('能力値その他'!$C$2:$AD$115, MATCH($A$1,'能力値その他'!$A$2:$A$115,0), MATCH(K20,'能力値その他'!$C$1:$AD$1,0)-1)<=13),"th",CHOOSE(MIN(5,RIGHT(INDEX('能力値その他'!$C$2:$AD$115, MATCH($A$1,'能力値その他'!$A$2:$A$115,0), MATCH(K20,'能力値その他'!$C$1:$AD$1,0)-1))+1),"th","st","nd","rd","th"))&"]")} -> 0.05 [70th] | M20: ='テンプレート'!M20 -> 空中J高度 | N20: {=IF(INDEX('能力値その他'!$C$2:$AD$115, MATCH($A$1,'能力値その他'!$A$2:$A$115,0), MATCH(M20,'能力値その他'!$C$1:$AD$1,0))="-", "-", INDEX('能力値その他'!$C$2:$AD$115, MATCH($A$1,'能力値その他'!$A$2:$A$115,0), MATCH(M20,'能力値その他'!$C$1:$AD$1,0))&" ["&INDEX('能力値その他'!$C$2:$AD$115, MATCH($A$1,'能力値その他'!$A$2:$A$115,0), MATCH(M20,'能力値その他'!$C$1:$AD$1,0)-1)&IF(AND(INDEX('能力値その他'!$C$2:$AD$115, MATCH($A$1,'能力値その他'!$A$2:$A$115,0), MATCH(M20,'能力値その他'!$C$1:$AD$1,0)-1)>=11, INDEX('能力値その他'!$C$2:$AD$115, MATCH($A$1,'能力値その他'!$A$2:$A$115,0), MATCH(M20,'能力値その他'!$C$1:$AD$1,0)-1)<=13),"th",CHOOSE(MIN(5,RIGHT(INDEX('能力値その他'!$C$2:$AD$115, MATCH($A$1,'能力値その他'!$A$2:$A$115,0), MATCH(M20,'能力値その他'!$C$1:$AD$1,0)-1))+1),"th","st","nd","rd","th"))&"]")} -> 29 [67th]
A21: ='テンプレート'!A21 -> 空中ワイヤー | B21: FALSE | C21: ='テンプレート'!C21 -> ステップ全体F | D21: {=IF(INDEX('行動フレーム・能力値'!$C$2:$AD$115, MATCH($A$1,'行動フレーム・能力値'!$A$2:$A$115,0), MATCH(C21,'行動フレーム・能力値'!$C$1:$AD$1,0))="-", "-", INDEX('行動フレーム・能力値'!$C$2:$AD$115, MATCH($A$1,'行動フレーム・能力値'!$A$2:$A$115,0), MATCH(C21,'行動フレーム・能力値'!$C$1:$AD$1,0))&"F ["&INDEX('行動フレーム・能力値'!$C$2:$AD$115, MATCH($A$1,'行動フレーム・能力値'!$A$2:$A$115,0), MATCH(C21,'行動フレーム・能力値'!$C$1:$AD$1,0)-1)&IF(AND(INDEX('行動フレーム・能力値'!$C$2:$AD$115, MATCH($A$1,'行動フレーム・能力値'!$A$2:$A$115,0), MATCH(C21,'行動フレーム・能力値'!$C$1:$AD$1,0)-1)>=11, INDEX('行動フレーム・能力値'!$C$2:$AD$115, MATCH($A$1,'行動フレーム・能力値'!$A$2:$A$115,0), MATCH(C21,'行動フレーム・能力値'!$C$1:$AD$1,0)-1)<=13),"th",CHOOSE(MIN(5,RIGHT(INDEX('行動フレーム・能力値'!$C$2:$AD$115, MATCH($A$1,'行動フレーム・能力値'!$A$2:$A$115,0), MATCH(C21,'行動フレーム・能力値'!$C$1:$AD$1,0)-1))+1),"th","st","nd","rd","th"))&"]")} -> 19F [13th] | E21: ='テンプレート'!E21 -> 落下速度 | F21: {=IF(INDEX('行動フレーム・能力値'!$C$2:$AD$115, MATCH($A$1,'行動フレーム・能力値'!$A$2:$A$115,0), MATCH(E21,'行動フレーム・能力値'!$C$1:$AD$1,0))="-", "-", INDEX('行動フレーム・能力値'!$C$2:$AD$115, MATCH($A$1,'行動フレーム・能力値'!$A$2:$A$115,0), MATCH(E21,'行動フレーム・能力値'!$C$1:$AD$1,0))&" ["&INDEX('行動フレーム・能力値'!$C$2:$AD$115, MATCH($A$1,'行動フレーム・能力値'!$A$2:$A$115,0), MATCH(E21,'行動フレーム・能力値'!$C$1:$AD$1,0)-1)&IF(AND(INDEX('行動フレーム・能力値'!$C$2:$AD$115, MATCH($A$1,'行動フレーム・能力値'!$A$2:$A$115,0), MATCH(E21,'行動フレーム・能力値'!$C$1:$AD$1,0)-1)>=11, INDEX('行動フレーム・能力値'!$C$2:$AD$115, MATCH($A$1,'行動フレーム・能力値'!$A$2:$A$115,0), MATCH(E21,'行動フレーム・能力値'!$C$1:$AD$1,0)-1)<=13),"th",CHOOSE(MIN(5,RIGHT(INDEX('行動フレーム・能力値'!$C$2:$AD$115, MATCH($A$1,'行動フレーム・能力値'!$A$2:$A$115,0), MATCH(E21,'行動フレーム・能力値'!$C$1:$AD$1,0)-1))+1),"th","st","nd","rd","th"))&"]")} -> 1.6 [43rd] | K21: ='テンプレート'!K21 -> 空中抵抗 | L21: {=IF(INDEX('能力値その他'!$C$2:$AD$115, MATCH($A$1,'能力値その他'!$A$2:$A$115,0), MATCH(K21,'能力値その他'!$C$1:$AD$1,0))="-", "-", INDEX('能力値その他'!$C$2:$AD$115, MATCH($A$1,'能力値その他'!$A$2:$A$115,0), MATCH(K21,'能力値その他'!$C$1:$AD$1,0))&" ["&INDEX('能力値その他'!$C$2:$AD$115, MATCH($A$1,'能力値その他'!$A$2:$A$115,0), MATCH(K21,'能力値その他'!$C$1:$AD$1,0)-1)&IF(AND(INDEX('能力値その他'!$C$2:$AD$115, MATCH($A$1,'能力値その他'!$A$2:$A$115,0), MATCH(K21,'能力値その他'!$C$1:$AD$1,0)-1)>=11, INDEX('能力値その他'!$C$2:$AD$115, MATCH($A$1,'能力値その他'!$A$2:$A$115,0), MATCH(K21,'能力値その他'!$C$1:$AD$1,0)-1)<=13),"th",CHOOSE(MIN(5,RIGHT(INDEX('能力値その他'!$C$2:$AD$115, MATCH($A$1,'能力値その他'!$A$2:$A$115,0), MATCH(K21,'能力値その他'!$C$1:$AD$1,0)-1))+1),"th","st","nd","rd","th"))&"]")} -> 0.0038 [85th]
E22: ='テンプレート'!E22 -> 急降下速度 | F22: {=IF(INDEX('行動フレーム・能力値'!$C$2:$AD$115, MATCH($A$1,'行動フレーム・能力値'!$A$2:$A$115,0), MATCH(E22,'行動フレーム・能力値'!$C$1:$AD$1,0))="-", "-", INDEX('行動フレーム・能力値'!$C$2:$AD$115, MATCH($A$1,'行動フレーム・能力値'!$A$2:$A$115,0), MATCH(E22,'行動フレーム・能力値'!$C$1:$AD$1,0))&" ["&INDEX('行動フレーム・能力値'!$C$2:$AD$115, MATCH($A$1,'行動フレーム・能力値'!$A$2:$A$115,0), MATCH(E22,'行動フレーム・能力値'!$C$1:$AD$1,0)-1)&IF(AND(INDEX('行動フレーム・能力値'!$C$2:$AD$115, MATCH($A$1,'行動フレーム・能力値'!$A$2:$A$115,0), MATCH(E22,'行動フレーム・能力値'!$C$1:$AD$1,0)-1)>=11, INDEX('行動フレーム・能力値'!$C$2:$AD$115, MATCH($A$1,'行動フレーム・能力値'!$A$2:$A$115,0), MATCH(E22,'行動フレーム・能力値'!$C$1:$AD$1,0)-1)<=13),"th",CHOOSE(MIN(5,RIGHT(INDEX('行動フレーム・能力値'!$C$2:$AD$115, MATCH($A$1,'行動フレーム・能力値'!$A$2:$A$115,0), MATCH(E22,'行動フレーム・能力値'!$C$1:$AD$1,0)-1))+1),"th","st","nd","rd","th"))&"]")} -> 3.04 [6th] | K22: ='テンプレート'!K22 -> 重力 | L22: {=IF(INDEX('能力値その他'!$C$2:$AD$115, MATCH($A$1,'能力値その他'!$A$2:$A$115,0), MATCH(K22,'能力値その他'!$C$1:$AD$1,0))="-", "-", INDEX('能力値その他'!$C$2:$AD$115, MATCH($A$1,'能力値その他'!$A$2:$A$115,0), MATCH(K22,'能力値その他'!$C$1:$AD$1,0))&" ["&INDEX('能力値その他'!$C$2:$AD$115, MATCH($A$1,'能力値その他'!$A$2:$A$115,0), MATCH(K22,'能力値その他'!$C$1:$AD$1,0)-1)&IF(AND(INDEX('能力値その他'!$C$2:$AD$115, MATCH($A$1,'能力値その他'!$A$2:$A$115,0), MATCH(K22,'能力値その他'!$C$1:$AD$1,0)-1)>=11, INDEX('能力値その他'!$C$2:$AD$115, MATCH($A$1,'能力値その他'!$A$2:$A$115,0), MATCH(K22,'能力値その他'!$C$1:$AD$1,0)-1)<=13),"th",CHOOSE(MIN(5,RIGHT(INDEX('能力値その他'!$C$2:$AD$115, MATCH($A$1,'能力値その他'!$A$2:$A$115,0), MATCH(K22,'能力値その他'!$C$1:$AD$1,0)-1))+1),"th","st","nd","rd","th"))&"]")} -> 0.096 [38th]
A24: 地上攻撃
C25: 判定持続 | D25: 全体フレーム | E25: 基礎ダメージ | F25: ダメージ (1v1) | G25: ガード硬直 | H25: 備考 | K25: ='テンプレート'!K25 -> ベクトル | L25: ='テンプレート'!L25 -> KBG (R.E.) | M25: ='テンプレート'!M25 -> BKB (R.A.) | N25: ='テンプレート'!N25 -> FKB (R.F.) | O25: ='テンプレート'!O25 -> 盾削り値 | P25: ='テンプレート'!P25 -> ﾋｯﾄｽﾄｯﾌﾟ | Q25: ='テンプレート'!Q25 -> ずらし | U25: 慣性消去
A26: 弱攻撃 | B26: 弱1 | C26: 7-8 | D26: 23 | E26: 3 | F26: 3.6 | G26: 4F | H26: 10-35Fは弱2に移行可能。 ボタン押しっぱなしでは14F目に移行。 | O26: 0 | P26: 1 | Q26: 1 | U26: なし
B27: 弱2 | C27: 5-6 | D27: 24 | E27: 3 | F27: 3.6 | G27: 4F | H27: 8-35Fは弱3に移行可能。 ボタン押しっぱなしでは13F目に移行。 | O27: 0 | P27: 1 | Q27: 1 | U27: 1F
B28: 弱3 | C28: 6-7 | D28: 34 | E28: 4 | F28: 4.8 | G28: 5F | O28: 0 | P28: 1 | Q28: 1
A29: ダッシュ攻撃 | C29: 20-23 | D29: 56 | E29: 14/13/12 | F29: 16.8/15.6/14.4 | G29: 17F/16F/15F | H29: ガード硬直補正倍率：1.4倍 根本は相殺なし。 | O29: 0 | P29: 1 | Q29: 1 | U29: 1F
A30: 横強 | C30: 15 | D30: 39 | E30: 13 | F30: 15.6 | G30: 12F | H30: 根本は相殺なし。 | O30: 0 | P30: 1 | Q30: 1 | U30: なし
B31: 持続 | C31: 16-19 | E31: 13 | F31: 15.6 | G31: 12F
A32: 上強 | C32: 8-12 | D32: 35 | E32: 11 | F32: 13.2 | G32: 10F | H32: 根本は相殺なし。 | O32: 0 | P32: 1 | Q32: 1 | U32: なし
A33: 下強 | C33: 10-11 | D33: 30 | E33: 9 | F33: 10.8 | G33: 9F | H33: 相殺なし。 | O33: 0 | P33: 1 | Q33: 1 | U33: 1F
A34: 横スマッシュ | B34: 横スマ1 | C34: 17-18 | D34: 50 | E34: 7/14/7 | F34: 8.4/16.8/8.4 | G34: 6F/10F/6F | H34: 22-40Fは横スマッシュ2に移行可能。 溜め開始：10F目 | O34: 0 | P34: 1 | Q34: 1 | U34: 11F
B35: 剣ビーム | C35: 19-48 | E35: 5 | F35: 6 | G35: 4F | H35: 生成：17F リンクの蓄積が0%のときのみ生成。 横スマ1がヒットすると消滅。 飛び道具。ガード硬直はスマッシュ扱い。 | O35: 0 | P35: 1 | Q35: 1
B36: 剣ビーム, 最大 | C36: 79-126 (199-246) | E36: 13 | F36: 15.6 | G36: 9F | O36: 0 | P36: 1 | Q36: 1
B37: 横スマ2 | C37: 10-11 | D37: 60 | E37: 13/13/12/12 | F37: 15.6/15.6/14.4/14.4 | G37: 9F/9F/8F/8F | H37: 根本は相殺なし。 | O37: 0 | P37: 1.5 | Q37: 1
A38: 上スマッシュ | B38: Hit 1 | C38: 10-13 | D38: 77 | E38: 4 | F38: 4.8 | G38: 4F | H38: Hit 3は相殺なし。 溜め開始：6F目 | O38: 0 | P38: 1 | Q38: 0.5 | U38: なし
B39: Hit 1, 持続 | C39: 14-15 | E39: 4 | F39: 4.8 | G39: 4F | O39: 0 | P39: 1 | Q39: 0.5
B40: Hit 2 | C40: 25-28 | E40: 3 | F40: 3.6 | G40: 3F | O40: 0 | P40: 1 | Q40: 0.5
B41: Hit 2, 持続 | C41: 29-30 | E41: 3 | F41: 3.6 | G41: 3F | O41: 0 | P41: 1 | Q41: 0.5
B42: Hit 3 | C42: 41-45 | E42: 11/11/10/9 | F42: 13.2/13.2/12/10.8 | G42: 8F/8F/7F/7F | O42: 0 | P42: 1 | Q42: 1
A43: 下スマッシュ | B43: Hit 1 | C43: 12-13 | D43: 54 | E43: 16/17/16/14 | F43: 19.2/20.4/19.2/16.8 | G43: 11F/11F/11F/10F | H43: 溜め開始：5F目 | O43: 0 | P43: 1 | Q43: 1 | U43: なし
B44: Hit 2 | C44: 24-25 | E44: 12/12/11/10 | F44: 14.4/14.4/13.2/12 | G44: 8F/8F/8F/7F | O44: 0 | P44: 1 | Q44: 1
A46: ='テンプレート'!A55 -> 空中攻撃
C47: ='テンプレート'!C56 -> 判定持続 | D47: ='テンプレート'!D56 -> 全体フレーム | E47: ='テンプレート'!E56 -> 基礎ダメージ | F47: ='テンプレート'!F56 -> ダメージ (1v1) | G47: ='テンプレート'!G56 -> ダメ (1v1+小J) | H47: ='テンプレート'!H56 -> ガード硬直 | I47: ='テンプレート'!I56 -> 着地隙 | J47: 着地隙発生F | K47: ='テンプレート'!K56 -> ベクトル | L47: ='テンプレート'!L56 -> KBG (R.E.) | M47: ='テンプレート'!M56 -> BKB (R.A.) | N47: ='テンプレート'!N56 -> FKB (R.F.) | O47: ='テンプレート'!O56 -> 盾削り値 | P47: ='テンプレート'!P56 -> ﾋｯﾄｽﾄｯﾌﾟ | Q47: ='テンプレート'!Q56 -> ずらし | R47: ='テンプレート'!R56 -> 備考
A48: 空N | C48: 7-8 | D48: 38 | E48: 11/9/9 | F48: 13.2/10.8/10.8 | G48: 11.22/9.18/9.18 | H48: 4F/4F/4F | I48: {=INDEX('空中攻撃'!$O$3:$AA$109, MATCH($A$1,'空中攻撃'!$A$3:$A$109,0), MATCH(A48,'空中攻撃'!$O$2:$S$2,0))} -> 6 | J48: 4-35 | O48: 0 | P48: 1 | Q48: 1
B49: 持続 | C49: 9-31 | E49: 6 | F49: 7.2 | G49: 6.12 | H49: 3F | O49: 0 | P49: 1 | Q49: 1
A50: 空前 | B50: Hit 1 | C50: 16-17 | D50: 51 | E50: 8 | F50: 9.6 | G50: 8.16 | H50: 4F | I50: {=INDEX('空中攻撃'!$O$3:$AA$109, MATCH($A$1,'空中攻撃'!$A$3:$A$109,0), MATCH(A50,'空中攻撃'!$O$2:$S$2,0))} -> 11 | J50: 1-52 | O50: 0 | P50: 1 | Q50: 1 | R50: 根本は相殺なし。
B51: Hit 2 | C51: 24-25 | E51: 10 | F51: 12 | G51: 10.2 | H51: 4F | O51: 0 | P51: 1.2 | Q51: 1
A52: 空後 | B52: Hit 1 | C52: 6-8 | D52: 30 | E52: 5 | F52: 6 | G52: 5.1 | H52: 3F | I52: {=INDEX('空中攻撃'!$O$3:$AA$109, MATCH($A$1,'空中攻撃'!$A$3:$A$109,0), MATCH(A52,'空中攻撃'!$O$2:$S$2,0))} -> 6 | J52: 1-28 | O52: 0 | P52: 1 | Q52: 1
B53: Hit 2 | C53: 15-17 | E53: 7 | F53: 8.4 | G53: 7.14 | H53: 3F | O53: 0 | P53: 1 | Q53: 1
A54: 空上 | C54: 11-13 | D54: 59 | E54: 15 | F54: 18 | G54: 15.3 | H54: 5F | I54: {=INDEX('空中攻撃'!$O$3:$AA$109, MATCH($A$1,'空中攻撃'!$A$3:$A$109,0), MATCH(A54,'空中攻撃'!$O$2:$S$2,0))} -> 14 | J54: 11-42 | O54: 0 | P54: 1 | Q54: 1
B55: 持続 | C55: 14-40 | E55: 13 | F55: 15.6 | G55: 13.26 | H55: 5F | O55: 0 | P55: 1 | Q55: 1
A56: 空下 | C56: 14-19 | D56: 79 | E56: 18 | F56: 21.6 | G56: 18.36 | H56: 6F | I56: {=INDEX('空中攻撃'!$O$3:$AA$109, MATCH($A$1,'空中攻撃'!$A$3:$A$109,0), MATCH(A56,'空中攻撃'!$O$2:$S$2,0))} -> 19 | J56: 10-64 | O56: 0 | P56: 1.2 | Q56: 1 | R56: バウンド後は30F後に判定が復活。
B57: 持続 | C57: 20-64 | E57: 15 | F57: 18 | G57: 15.3 | H57: 5F | O57: 0 | P57: 1 | Q57: 1
B58: バウンド | C58: (Rehit: 30) | E58: 11 | F58: 13.2 | G58: 11.22 | H58: 4F | O58: 0 | P58: 1 | Q58: 1
A60: 必殺ワザ
A61: NB (弓矢) | C61: 判定持続 | D61: 全体フレーム | E61: 基礎ダメージ | F61: ダメージ (1v1) | G61: ガード硬直 | H61: 備考 | K61: ベクトル | L61: KBG (R.E.) | M61: BKB (R.A.) | N61: FKB (R.F.) | O61: 盾削り値 | P61: ﾋｯﾄｽﾄｯﾌﾟ | Q61: ずらし | R61: 相殺 | S61: 相殺ﾓｰｼｮﾝ | T61: 飛び道具 | U61: 慣性反転 | V61: 向き反転
A62: 地上・空中 | B62: 溜め無し | C62: 16-61 | D62: 44 | E62: 4 ~ 12 | F62: 4.8 ~ 14.4 | G62: 2F ~ 4F | H62: 最大溜め：36F 溜め開始：16F目 溜め中からの最速発生は1F。 最大保持：180F | O62: 0 | P62: 0.8 | Q62: 1 | R62: TRUE | S62: TRUE | T62: TRUE | U62: 5F目 | V62: TRUE
B63: 弓2本時, 溜め無し | C63: 16-61 | D63: 44 | E63: 3 ~ 9 | F63: 3.6 ~ 10.8 | G63: 2F ~ 4F | R63: FALSE | S63: FALSE | T63: FALSE
C64: 19-64 | E64: 3 ~ 9 | F64: 3.6 ~ 10.8 | G64: 2F ~ 4F | R64: FALSE | S64: FALSE | T64: FALSE
A65: 生成アイテム | B65: 接触 | E65: 1+ | F65: 1.2+ | R65: FALSE | S65: FALSE | T65: FALSE
A66: 横B (ブーメラン) | C66: 判定持続 | D66: 全体フレーム | E66: 基礎ダメージ | F66: ダメージ (1v1) | G66: ガード硬直 | H66: 備考 | K66: ベクトル | L66: KBG (R.E.) | M66: BKB (R.A.) | N66: FKB (R.F.) | O66: 盾削り値 | P66: ﾋｯﾄｽﾄｯﾌﾟ | Q66: ずらし | R66: 相殺 | S66: 相殺ﾓｰｼｮﾝ | T66: 飛び道具 | U66: 慣性反転 | V66: 向き反転
A67: 地上・空中 | B67: 行き | C67: 27-36 | D67: 45 | E67: 8 | F67: 9.6 | G67: 3F | H67: 弾き入力でダメージ1.2倍 (行きのみ)。 | O67: 0 | P67: 1 | Q67: 1 | R67: TRUE | S67: TRUE | T67: TRUE | U67: 5F目 | V67: TRUE
B68: 行き, 持続 | C68: 37-* | E68: 6 | F68: 7.2 | G68: 3F | O68: 0 | P68: 1 | Q68: 1 | R68: TRUE | S68: TRUE | T68: TRUE
B69: 戻り | C69: * | E69: 3 | F69: 3.6 | G69: 2F | O69: 0 | P69: 1 | Q69: 1 | R69: TRUE | S69: TRUE | T69: TRUE
B70: 空振り, 地上 | D70: 59 | R70: FALSE | S70: FALSE | T70: FALSE
B71: 空振り, 空中 | D71: 45 | R71: FALSE | S71: FALSE | T71: FALSE
B72: キャッチ | D72: 9 | R72: FALSE | S72: FALSE | T72: FALSE
A73: 上B (回転斬り) | C73: 判定持続 | D73: 全体フレーム | E73: 基礎ダメージ | F73: ダメージ (1v1) | G73: ガード硬直 | H73: 備考 | K73: ベクトル | L73: KBG (R.E.) | M73: BKB (R.A.) | N73: FKB (R.F.) | O73: 盾削り値 | P73: ﾋｯﾄｽﾄｯﾌﾟ | Q73: ずらし | R73: 相殺 | S73: 相殺ﾓｰｼｮﾝ | T73: 飛び道具 | U73: 慣性反転 | V73: 向き反転
A74: 地上 | C74: 7-8 | D74: 76 | E74: 14/11.2 | F74: 16.8/13.44 | G74: 13F/11F | H74: 最大溜め：60F 最大ダメージ倍率：1.6倍 溜め開始：4F目 溜め中からの最速発生は4F。 持続3以外は相殺なし。 | O74: 0 | P74: 1.4/1.4/1 | Q74: 1 | R74: FALSE | S74: FALSE | U74: FALSE | V74: TRUE
B75: 持続1 | C75: 9-13 | E75: 12/12/9.6 | F75: 14.4/14.4/11.52 | G75: 11F/11F/9F | O75: 0 | P75: 1 | Q75: 1
B76: 持続2 | C76: 14-23 | E76: 9/9/7.2 | F76: 10.8/10.8/8.64 | G76: 9F/9F/7F | O76: 0 | P76: 1 | Q76: 1
B77: 持続3 | C77: 24-39 | E77: 7/7/5.6 | F77: 8.4/8.4/6.72 | G77: 7F/7F/6F | O77: 0 | P77: 1 | Q77: 1 | R77: TRUE | S77: TRUE
A78: 空中 | B78: Hit 1 | C78: 8-9 | E78: 4 | F78: 4.8 | G78: 5F | H78: 着地隙：30F 相殺なし。 ガケつかまり(前)：15F目以降 ガケつかまり(前後)：34F目以降 | O78: 0 | P78: 1 | Q78: 1 | R78: FALSE | S78: FALSE | U78: 5F目 | V78: TRUE
B79: Hit 2 | C79: 12-13 | E79: 2 | F79: 2.4 | G79: 3F | R79: FALSE | S79: FALSE | T79: FALSE
B80: Hit 3 | C80: 16-17 | E80: 2 | F80: 2.4 | G80: 3F | O80: 0 | P80: 1 | Q80: 1
B81: Hit 4 | C81: 19-20 | E81: 2 | F81: 2.4 | G81: 3F | R81: FALSE | S81: FALSE | T81: FALSE
B82: Hit 5 | C82: 22-23 | E82: 2 | F82: 2.4 | G82: 3F | O82: 0 | P82: 1 | Q82: 1
B83: Hit 6 | C83: 26-27 | E83: 2 | F83: 2.4 | G83: 3F | R83: FALSE | S83: FALSE | T83: FALSE
B84: Hit 7 | C84: 31-32 | E84: 2 | F84: 2.4 | G84: 3F | O84: 0 | P84: 1 | Q84: 1
B85: Hit 8 | C85: 38-39 | E85: 2 | F85: 2.4 | G85: 3F | R85: FALSE | S85: FALSE | T85: FALSE
B86: Hit 9 | C86: 47-49 | E86: 4 | F86: 4.8 | G86: 5F | O86: 0 | P86: 1 | Q86: 1
A87: 下B (リモコンバクダン) | C87: 判定持続 | D87: 全体フレーム | E87: 基礎ダメージ | F87: ダメージ (1v1) | G87: ガード硬直 | H87: 備考 | K87: ベクトル | L87: KBG (R.E.) | M87: BKB (R.A.) | N87: FKB (R.F.) | O87: 盾削り値 | P87: ﾋｯﾄｽﾄｯﾌﾟ | Q87: ずらし | R87: 相殺 | S87: 相殺ﾓｰｼｮﾝ | T87: 飛び道具 | U87: 慣性反転 | V87: 向き反転
A88: 地上 | B88: 取り出し | C88: 生成: 17F | D88: 39 | H88: 生成後1800F目に自動で爆発。 起爆は1F発生保障。 爆発は相殺なし。 | U88: 5F目 | V88: FALSE
B89: 取り出し失敗 | D89: 39
B90: 起爆 | C90: 12-13 | D90: 39 | E90: 7 | F90: 8.4 | G90: 3F | O90: 0 | P90: 1 | Q90: 1 | R90: FALSE | S90: FALSE | T90: TRUE
A91: 生成アイテム | B91: 接触 | E91: 1+ | F91: 1.2+ | R91: FALSE | S91: FALSE | T91: FALSE
A93: つかみ・投げ
C94: 判定持続 | D94: 全体フレーム | E94: 基礎ダメージ | F94: ダメージ (1v1)
A95: つかみ攻撃 | B95: つかみ攻撃 | C95: 1 | D95: 6 | E95: 1.3 | F95: 1.56
A96: つかみ | B96: その場 | C96: 6-7 | D96: 34
B97: ダッシュ | C97: 9-10 | D97: 42
B98: ふりむき | C98: 10-11 | D98: 37
A99: 投げ | C99: 判定持続 | D99: 全体フレーム | E99: 基礎ダメージ | F99: ダメージ (1v1) | G99: 備考 | K99: ='テンプレート'!K97 -> ベクトル | L99: ='テンプレート'!L97 -> KBG (R.E.) | M99: ='テンプレート'!M97 -> BKB (R.A.) | N99: ='テンプレート'!N97 -> FKB (R.F.) | O99: ='テンプレート'!O97 -> 盾削り値 | P99: ='テンプレート'!P97 -> ﾋｯﾄｽﾄｯﾌﾟ | Q99: ='テンプレート'!Q97 -> ずらし
A100: 前投げ | B100: 打撃 | C100: 12-13 | D100: 37 | E100: 3 | F100: 3.6 | O100: 1 | P100: 1 | Q100: 1
B101: 投げ | C101: 13 | E101: 2.5 | F101: 3
A102: 後投げ | B102: 打撃 | C102: 12-13 | D102: 38 | E102: 3 | F102: 3.6 | O102: 1 | P102: 1 | Q102: 1
B103: 投げ | C103: 14 | E103: 2.5 | F103: 3
A104: 上投げ | B104: 打撃 | C104: 26-29 | D104: 49 | E104: 5/4 | F104: 6/4.8 | O104: 1 | P104: 1 | Q104: 1
B105: 投げ | C105: 28 | E105: 2 | F105: 2.4
A106: 下投げ | B106: 打撃 | C106: 22-23 | D106: 48 | E106: 3 | F106: 3.6 | O106: 0 | P106: 1 | Q106: 1
B107: 投げ | C107: 24 | E107: 3 | F107: 3.6
A109: 回避
C110: 無敵フレーム | D110: 無敵 (ペナ最大) | E110: 全体フレーム | F110: 全体 (ペナ最大)
A111: 地上回避 | B111: その場 | C111: {=INDEX('回避'!$C$3:$U$84, MATCH($A$1,'回避'!$A$3:$A$91,0), MATCH(C110,'回避'!$C$2:$F$2,0))} -> 3-17 | D111: {=INDEX('回避'!$C$3:$U$84, MATCH($A$1,'回避'!$A$3:$A$91,0), MATCH(D110,'回避'!$C$2:$F$2,0))} -> 6-17 | E111: {=INDEX('回避'!$C$3:$U$84, MATCH($A$1,'回避'!$A$3:$A$91,0), MATCH(E110,'回避'!$C$2:$F$2,0))} -> 26 (21) | F111: {=INDEX('回避'!$C$3:$U$84, MATCH($A$1,'回避'!$A$3:$A$91,0), MATCH(F110,'回避'!$C$2:$F$2,0))} -> 35 (28)
B112: 前方 | C112: {=INDEX('回避'!$G$3:$U$84, MATCH($A$1,'回避'!$A$3:$A$91,0), MATCH(C110,'回避'!$G$2:$J$2,0))} -> 4-15 | D112: {=INDEX('回避'!$G$3:$U$84, MATCH($A$1,'回避'!$A$3:$A$91,0), MATCH(D110,'回避'!$G$2:$J$2,0))} -> 8-14 | E112: {=INDEX('回避'!$G$3:$U$84, MATCH($A$1,'回避'!$A$3:$A$91,0), MATCH(E110,'回避'!$G$2:$J$2,0))} -> 30 | F112: {=INDEX('回避'!$G$3:$U$84, MATCH($A$1,'回避'!$A$3:$A$91,0), MATCH(F110,'回避'!$G$2:$J$2,0))} -> 40
B113: 後方 | C113: {=INDEX('回避'!$K$3:$U$84, MATCH($A$1,'回避'!$A$3:$A$91,0), MATCH(C110,'回避'!$K$2:$N$2,0))} -> 5-16 | D113: {=INDEX('回避'!$K$3:$U$84, MATCH($A$1,'回避'!$A$3:$A$91,0), MATCH(D110,'回避'!$K$2:$N$2,0))} -> 9-14 | E113: {=INDEX('回避'!$K$3:$U$84, MATCH($A$1,'回避'!$A$3:$A$91,0), MATCH(E110,'回避'!$K$2:$N$2,0))} -> 35 | F113: {=INDEX('回避'!$K$3:$U$84, MATCH($A$1,'回避'!$A$3:$A$91,0), MATCH(F110,'回避'!$K$2:$N$2,0))} -> 53
...

Sheet 4. サムス
A1: 4 | C1: =IMAGE(VLOOKUP($A$1,Fighters!A2:AI114,12,FALSE),1) -> #REF!
A2: =VLOOKUP($A$1,Fighters!$A$2:$AI$81,6,FALSE) -> #fe8116
A3: =VLOOKUP($A$1,Fighters!$A$2:$AI$81,14,FALSE) -> 4. サムス
A4: =VLOOKUP($A$1,Fighters!$A$2:$AI$81,13,FALSE) -> 1
I6: 最終更新
H8: 44379.843
A15: ='テンプレート'!A15 -> 行動フレーム・能力値
C16: ='テンプレート'!C16 -> 行動フレーム | E16: ='テンプレート'!E16 -> 能力値 | G16: ='テンプレート'!G16 -> 滞空フレーム | K16: ='テンプレート'!K16 -> 能力値その他
A17: ='テンプレート'!A17 -> ジャンプ回数 | B17: 2回 | C17: ='テンプレート'!C17 -> ジャンプ踏切 | D17: {=IF(INDEX('行動フレーム・能力値'!$C$2:$AD$115, MATCH($A$1,'行動フレーム・能力値'!$A$2:$A$115,0), MATCH(C17,'行動フレーム・能力値'!$C$1:$AD$1,0))="-", "-", INDEX('行動フレーム・能力値'!$C$2:$AD$115, MATCH($A$1,'行動フレーム・能力値'!$A$2:$A$115,0), MATCH(C17,'行動フレーム・能力値'!$C$1:$AD$1,0))&"F")} -> 3F | E17: ='テンプレート'!E17 -> 体重 | F17: {=IF(INDEX('行動フレーム・能力値'!$C$2:$AD$115, MATCH($A$1,'行動フレーム・能力値'!$A$2:$A$115,0), MATCH(E17,'行動フレーム・能力値'!$C$1:$AD$1,0))="-", "-", INDEX('行動フレーム・能力値'!$C$2:$AD$115, MATCH($A$1,'行動フレーム・能力値'!$A$2:$A$115,0), MATCH(E17,'行動フレーム・能力値'!$C$1:$AD$1,0))&" ["&INDEX('行動フレーム・能力値'!$C$2:$AD$115, MATCH($A$1,'行動フレーム・能力値'!$A$2:$A$115,0), MATCH(E17,'行動フレーム・能力値'!$C$1:$AD$1,0)-1)&IF(AND(INDEX('行動フレーム・能力値'!$C$2:$AD$115, MATCH($A$1,'行動フレーム・能力値'!$A$2:$A$115,0), MATCH(E17,'行動フレーム・能力値'!$C$1:$AD$1,0)-1)>=11, INDEX('行動フレーム・能力値'!$C$2:$AD$115, MATCH($A$1,'行動フレーム・能力値'!$A$2:$A$115,0), MATCH(E17,'行動フレーム・能力値'!$C$1:$AD$1,0)-1)<=13),"th",CHOOSE(MIN(5,RIGHT(INDEX('行動フレーム・能力値'!$C$2:$AD$115, MATCH($A$1,'行動フレーム・能力値'!$A$2:$A$115,0), MATCH(E17,'行動フレーム・能力値'!$C$1:$AD$1,0)-1))+1),"th","st","nd","rd","th"))&"]")} -> 108 [10th] | G17: ='テンプレート'!G17 -> 小J滞空 | H17: {=IF(INDEX('行動フレーム・能力値'!$C$2:$AD$115, MATCH($A$1,'行動フレーム・能力値'!$A$2:$A$115,0), MATCH(G17,'行動フレーム・能力値'!$C$1:$AD$1,0))="-", "-", INDEX('行動フレーム・能力値'!$C$2:$AD$115, MATCH($A$1,'行動フレーム・能力値'!$A$2:$A$115,0), MATCH(G17,'行動フレーム・能力値'!$C$1:$AD$1,0))&"F")} -> 44F | K17: ='テンプレート'!K17 -> ダッシュ初速 | L17: {=IF(INDEX('能力値その他'!$C$2:$AD$115, MATCH($A$1,'能力値その他'!$A$2:$A$115,0), MATCH(K17,'能力値その他'!$C$1:$AD$1,0))="-", "-", INDEX('能力値その他'!$C$2:$AD$115, MATCH($A$1,'能力値その他'!$A$2:$A$115,0), MATCH(K17,'能力値その他'!$C$1:$AD$1,0))&" ["&INDEX('能力値その他'!$C$2:$AD$115, MATCH($A$1,'能力値その他'!$A$2:$A$115,0), MATCH(K17,'能力値その他'!$C$1:$AD$1,0)-1)&IF(AND(INDEX('能力値その他'!$C$2:$AD$115, MATCH($A$1,'能力値その他'!$A$2:$A$115,0), MATCH(K17,'能力値その他'!$C$1:$AD$1,0)-1)>=11, INDEX('能力値その他'!$C$2:$AD$115, MATCH($A$1,'能力値その他'!$A$2:$A$115,0), MATCH(K17,'能力値その他'!$C$1:$AD$1,0)-1)<=13),"th",CHOOSE(MIN(5,RIGHT(INDEX('能力値その他'!$C$2:$AD$115, MATCH($A$1,'能力値その他'!$A$2:$A$115,0), MATCH(K17,'能力値その他'!$C$1:$AD$1,0)-1))+1),"th","st","nd","rd","th"))&"]")} -> 1.87 [51st] | M17: ='テンプレート'!M17 -> 大J初速 | N17: {=IF(INDEX('能力値その他'!$C$2:$AD$115, MATCH($A$1,'能力値その他'!$A$2:$A$115,0), MATCH(M17,'能力値その他'!$C$1:$AD$1,0))="-", "-", INDEX('能力値その他'!$C$2:$AD$115, MATCH($A$1,'能力値その他'!$A$2:$A$115,0), MATCH(M17,'能力値その他'!$C$1:$AD$1,0))&" ["&INDEX('能力値その他'!$C$2:$AD$115, MATCH($A$1,'能力値その他'!$A$2:$A$115,0), MATCH(M17,'能力値その他'!$C$1:$AD$1,0)-1)&IF(AND(INDEX('能力値その他'!$C$2:$AD$115, MATCH($A$1,'能力値その他'!$A$2:$A$115,0), MATCH(M17,'能力値その他'!$C$1:$AD$1,0)-1)>=11, INDEX('能力値その他'!$C$2:$AD$115, MATCH($A$1,'能力値その他'!$A$2:$A$115,0), MATCH(M17,'能力値その他'!$C$1:$AD$1,0)-1)<=13),"th",CHOOSE(MIN(5,RIGHT(INDEX('能力値その他'!$C$2:$AD$115, MATCH($A$1,'能力値その他'!$A$2:$A$115,0), MATCH(M17,'能力値その他'!$C$1:$AD$1,0)-1))+1),"th","st","nd","rd","th"))&"]")} -> -
A18: ='テンプレート'!A18 -> しゃがみ歩き | B18: FALSE | C18: ='テンプレート'!C18 -> 小着地 | D18: {=IF(INDEX('行動フレーム・能力値'!$C$2:$AD$115, MATCH($A$1,'行動フレーム・能力値'!$A$2:$A$115,0), MATCH(C18,'行動フレーム・能力値'!$C$1:$AD$1,0))="-", "-", INDEX('行動フレーム・能力値'!$C$2:$AD$115, MATCH($A$1,'行動フレーム・能力値'!$A$2:$A$115,0), MATCH(C18,'行動フレーム・能力値'!$C$1:$AD$1,0))&"F")} -> 2F | E18: ='テンプレート'!E18 -> 歩行速度 | F18: {=IF(INDEX('行動フレーム・能力値'!$C$2:$AD$115, MATCH($A$1,'行動フレーム・能力値'!$A$2:$A$115,0), MATCH(E18,'行動フレーム・能力値'!$C$1:$AD$1,0))="-", "-", INDEX('行動フレーム・能力値'!$C$2:$AD$115, MATCH($A$1,'行動フレーム・能力値'!$A$2:$A$115,0), MATCH(E18,'行動フレーム・能力値'!$C$1:$AD$1,0))&" ["&INDEX('行動フレーム・能力値'!$C$2:$AD$115, MATCH($A$1,'行動フレーム・能力値'!$A$2:$A$115,0), MATCH(E18,'行動フレーム・能力値'!$C$1:$AD$1,0)-1)&IF(AND(INDEX('行動フレーム・能力値'!$C$2:$AD$115, MATCH($A$1,'行動フレーム・能力値'!$A$2:$A$115,0), MATCH(E18,'行動フレーム・能力値'!$C$1:$AD$1,0)-1)>=11, INDEX('行動フレーム・能力値'!$C$2:$AD$115, MATCH($A$1,'行動フレーム・能力値'!$A$2:$A$115,0), MATCH(E18,'行動フレーム・能力値'!$C$1:$AD$1,0)-1)<=13),"th",CHOOSE(MIN(5,RIGHT(INDEX('行動フレーム・能力値'!$C$2:$AD$115, MATCH($A$1,'行動フレーム・能力値'!$A$2:$A$115,0), MATCH(E18,'行動フレーム・能力値'!$C$1:$AD$1,0)-1))+1),"th","st","nd","rd","th"))&"]")} -> 1.115 [44th] | G18: ='テンプレート'!G18 -> 大J滞空 | H18: {=IF(INDEX('行動フレーム・能力値'!$C$2:$AD$115, MATCH($A$1,'行動フレーム・能力値'!$A$2:$A$115,0), MATCH(G18,'行動フレーム・能力値'!$C$1:$AD$1,0))="-", "-", INDEX('行動フレーム・能力値'!$C$2:$AD$115, MATCH($A$1,'行動フレーム・能力値'!$A$2:$A$115,0), MATCH(G18,'行動フレーム・能力値'!$C$1:$AD$1,0))&"F")} -> 61F | K18: ='テンプレート'!K18 -> 走行加速 | L18: {=IF(INDEX('能力値その他'!$C$2:$AD$115, MATCH($A$1,'能力値その他'!$A$2:$A$115,0), MATCH(K18,'能力値その他'!$C$1:$AD$1,0))="-", "-", INDEX('能力値その他'!$C$2:$AD$115, MATCH($A$1,'能力値その他'!$A$2:$A$115,0), MATCH(K18,'能力値その他'!$C$1:$AD$1,0))&" ["&INDEX('能力値その他'!$C$2:$AD$115, MATCH($A$1,'能力値その他'!$A$2:$A$115,0), MATCH(K18,'能力値その他'!$C$1:$AD$1,0)-1)&IF(AND(INDEX('能力値その他'!$C$2:$AD$115, MATCH($A$1,'能力値その他'!$A$2:$A$115,0), MATCH(K18,'能力値その他'!$C$1:$AD$1,0)-1)>=11, INDEX('能力値その他'!$C$2:$AD$115, MATCH($A$1,'能力値その他'!$A$2:$A$115,0), MATCH(K18,'能力値その他'!$C$1:$AD$1,0)-1)<=13),"th",CHOOSE(MIN(5,RIGHT(INDEX('能力値その他'!$C$2:$AD$115, MATCH($A$1,'能力値その他'!$A$2:$A$115,0), MATCH(K18,'能力値その他'!$C$1:$AD$1,0)-1))+1),"th","st","nd","rd","th"))&"]")} -> 0.176 [7th] | M18: ='テンプレート'!M18 -> 大J高度 | N18: {=IF(INDEX('能力値その他'!$C$2:$AD$115, MATCH($A$1,'能力値その他'!$A$2:$A$115,0), MATCH(M18,'能力値その他'!$C$1:$AD$1,0))="-", "-", INDEX('能力値その他'!$C$2:$AD$115, MATCH($A$1,'能力値その他'!$A$2:$A$115,0), MATCH(M18,'能力値その他'!$C$1:$AD$1,0))&" ["&INDEX('能力値その他'!$C$2:$AD$115, MATCH($A$1,'能力値その他'!$A$2:$A$115,0), MATCH(M18,'能力値その他'!$C$1:$AD$1,0)-1)&IF(AND(INDEX('能力値その他'!$C$2:$AD$115, MATCH($A$1,'能力値その他'!$A$2:$A$115,0), MATCH(M18,'能力値その他'!$C$1:$AD$1,0)-1)>=11, INDEX('能力値その他'!$C$2:$AD$115, MATCH($A$1,'能力値その他'!$A$2:$A$115,0), MATCH(M18,'能力値その他'!$C$1:$AD$1,0)-1)<=13),"th",CHOOSE(MIN(5,RIGHT(INDEX('能力値その他'!$C$2:$AD$115, MATCH($A$1,'能力値その他'!$A$2:$A$115,0), MATCH(M18,'能力値その他'!$C$1:$AD$1,0)-1))+1),"th","st","nd","rd","th"))&"]")} -> 37 [13th]
A19: ='テンプレート'!A19 -> カベジャンプ | B19: TRUE | C19: ='テンプレート'!C19 -> 大着地 | D19: {=IF(INDEX('行動フレーム・能力値'!$C$2:$AD$115, MATCH($A$1,'行動フレーム・能力値'!$A$2:$A$115,0), MATCH(C19,'行動フレーム・能力値'!$C$1:$AD$1,0))="-", "-", INDEX('行動フレーム・能力値'!$C$2:$AD$115, MATCH($A$1,'行動フレーム・能力値'!$A$2:$A$115,0), MATCH(C19,'行動フレーム・能力値'!$C$1:$AD$1,0))&"F")} -> 4F | E19: ='テンプレート'!E19 -> 走行速度 | F19: {=IF(INDEX('行動フレーム・能力値'!$C$2:$AD$115, MATCH($A$1,'行動フレーム・能力値'!$A$2:$A$115,0), MATCH(E19,'行動フレーム・能力値'!$C$1:$AD$1,0))="-", "-", INDEX('行動フレーム・能力値'!$C$2:$AD$115, MATCH($A$1,'行動フレーム・能力値'!$A$2:$A$115,0), MATCH(E19,'行動フレーム・能力値'!$C$1:$AD$1,0))&" ["&INDEX('行動フレーム・能力値'!$C$2:$AD$115, MATCH($A$1,'行動フレーム・能力値'!$A$2:$A$115,0), MATCH(E19,'行動フレーム・能力値'!$C$1:$AD$1,0)-1)&IF(AND(INDEX('行動フレーム・能力値'!$C$2:$AD$115, MATCH($A$1,'行動フレーム・能力値'!$A$2:$A$115,0), MATCH(E19,'行動フレーム・能力値'!$C$1:$AD$1,0)-1)>=11, INDEX('行動フレーム・能力値'!$C$2:$AD$115, MATCH($A$1,'行動フレーム・能力値'!$A$2:$A$115,0), MATCH(E19,'行動フレーム・能力値'!$C$1:$AD$1,0)-1)<=13),"th",CHOOSE(MIN(5,RIGHT(INDEX('行動フレーム・能力値'!$C$2:$AD$115, MATCH($A$1,'行動フレーム・能力値'!$A$2:$A$115,0), MATCH(E19,'行動フレーム・能力値'!$C$1:$AD$1,0)-1))+1),"th","st","nd","rd","th"))&"]")} -> 1.654 [50th] | G19: ='テンプレート'!G19 -> 小J急降下滞空 | H19: {=IF(INDEX('行動フレーム・能力値'!$C$2:$AD$115, MATCH($A$1,'行動フレーム・能力値'!$A$2:$A$115,0), MATCH(G19,'行動フレーム・能力値'!$C$1:$AD$1,0))="-", "-", INDEX('行動フレーム・能力値'!$C$2:$AD$115, MATCH($A$1,'行動フレーム・能力値'!$A$2:$A$115,0), MATCH(G19,'行動フレーム・能力値'!$C$1:$AD$1,0))&"F")} -> 31F | K19: ='テンプレート'!K19 -> 地上抵抗 | L19: {=IF(INDEX('能力値その他'!$C$2:$AD$115, MATCH($A$1,'能力値その他'!$A$2:$A$115,0), MATCH(K19,'能力値その他'!$C$1:$AD$1,0))="-", "-", INDEX('能力値その他'!$C$2:$AD$115, MATCH($A$1,'能力値その他'!$A$2:$A$115,0), MATCH(K19,'能力値その他'!$C$1:$AD$1,0))&" ["&INDEX('能力値その他'!$C$2:$AD$115, MATCH($A$1,'能力値その他'!$A$2:$A$115,0), MATCH(K19,'能力値その他'!$C$1:$AD$1,0)-1)&IF(AND(INDEX('能力値その他'!$C$2:$AD$115, MATCH($A$1,'能力値その他'!$A$2:$A$115,0), MATCH(K19,'能力値その他'!$C$1:$AD$1,0)-1)>=11, INDEX('能力値その他'!$C$2:$AD$115, MATCH($A$1,'能力値その他'!$A$2:$A$115,0), MATCH(K19,'能力値その他'!$C$1:$AD$1,0)-1)<=13),"th",CHOOSE(MIN(5,RIGHT(INDEX('能力値その他'!$C$2:$AD$115, MATCH($A$1,'能力値その他'!$A$2:$A$115,0), MATCH(K19,'能力値その他'!$C$1:$AD$1,0)-1))+1),"th","st","nd","rd","th"))&"]")} -> 0.082 [83rd] | M19: ='テンプレート'!M19 -> 小J高度 | N19: {=IF(INDEX('能力値その他'!$C$2:$AD$115, MATCH($A$1,'能力値その他'!$A$2:$A$115,0), MATCH(M19,'能力値その他'!$C$1:$AD$1,0))="-", "-", INDEX('能力値その他'!$C$2:$AD$115, MATCH($A$1,'能力値その他'!$A$2:$A$115,0), MATCH(M19,'能力値その他'!$C$1:$AD$1,0))&" ["&INDEX('能力値その他'!$C$2:$AD$115, MATCH($A$1,'能力値その他'!$A$2:$A$115,0), MATCH(M19,'能力値その他'!$C$1:$AD$1,0)-1)&IF(AND(INDEX('能力値その他'!$C$2:$AD$115, MATCH($A$1,'能力値その他'!$A$2:$A$115,0), MATCH(M19,'能力値その他'!$C$1:$AD$1,0)-1)>=11, INDEX('能力値その他'!$C$2:$AD$115, MATCH($A$1,'能力値その他'!$A$2:$A$115,0), MATCH(M19,'能力値その他'!$C$1:$AD$1,0)-1)<=13),"th",CHOOSE(MIN(5,RIGHT(INDEX('能力値その他'!$C$2:$AD$115, MATCH($A$1,'能力値その他'!$A$2:$A$115,0), MATCH(M19,'能力値その他'!$C$1:$AD$1,0)-1))+1),"th","st","nd","rd","th"))&"]")} -> 18 [10th]
A20: ='テンプレート'!A20 -> カベ張りつき | B20: FALSE | C20: 走行移行前F | D20: {=IF(INDEX('行動フレーム・能力値'!$C$2:$AD$115, MATCH($A$1,'行動フレーム・能力値'!$A$2:$A$115,0), MATCH(C20,'行動フレーム・能力値'!$C$1:$AD$1,0))="-", "-", INDEX('行動フレーム・能力値'!$C$2:$AD$115, MATCH($A$1,'行動フレーム・能力値'!$A$2:$A$115,0), MATCH(C20,'行動フレーム・能力値'!$C$1:$AD$1,0))&"F ["&INDEX('行動フレーム・能力値'!$C$2:$AD$115, MATCH($A$1,'行動フレーム・能力値'!$A$2:$A$115,0), MATCH(C20,'行動フレーム・能力値'!$C$1:$AD$1,0)-1)&IF(AND(INDEX('行動フレーム・能力値'!$C$2:$AD$115, MATCH($A$1,'行動フレーム・能力値'!$A$2:$A$115,0), MATCH(C20,'行動フレーム・能力値'!$C$1:$AD$1,0)-1)>=11, INDEX('行動フレーム・能力値'!$C$2:$AD$115, MATCH($A$1,'行動フレーム・能力値'!$A$2:$A$115,0), MATCH(C20,'行動フレーム・能力値'!$C$1:$AD$1,0)-1)<=13),"th",CHOOSE(MIN(5,RIGHT(INDEX('行動フレーム・能力値'!$C$2:$AD$115, MATCH($A$1,'行動フレーム・能力値'!$A$2:$A$115,0), MATCH(C20,'行動フレーム・能力値'!$C$1:$AD$1,0)-1))+1),"th","st","nd","rd","th"))&"]")} -> 10F [5th] | E20: ='テンプレート'!E20 -> 空中速度 | F20: {=IF(INDEX('行動フレーム・能力値'!$C$2:$AD$115, MATCH($A$1,'行動フレーム・能力値'!$A$2:$A$115,0), MATCH(E20,'行動フレーム・能力値'!$C$1:$AD$1,0))="-", "-", INDEX('行動フレーム・能力値'!$C$2:$AD$115, MATCH($A$1,'行動フレーム・能力値'!$A$2:$A$115,0), MATCH(E20,'行動フレーム・能力値'!$C$1:$AD$1,0))&" ["&INDEX('行動フレーム・能力値'!$C$2:$AD$115, MATCH($A$1,'行動フレーム・能力値'!$A$2:$A$115,0), MATCH(E20,'行動フレーム・能力値'!$C$1:$AD$1,0)-1)&IF(AND(INDEX('行動フレーム・能力値'!$C$2:$AD$115, MATCH($A$1,'行動フレーム・能力値'!$A$2:$A$115,0), MATCH(E20,'行動フレーム・能力値'!$C$1:$AD$1,0)-1)>=11, INDEX('行動フレーム・能力値'!$C$2:$AD$115, MATCH($A$1,'行動フレーム・能力値'!$A$2:$A$115,0), MATCH(E20,'行動フレーム・能力値'!$C$1:$AD$1,0)-1)<=13),"th",CHOOSE(MIN(5,RIGHT(INDEX('行動フレーム・能力値'!$C$2:$AD$115, MATCH($A$1,'行動フレーム・能力値'!$A$2:$A$115,0), MATCH(E20,'行動フレーム・能力値'!$C$1:$AD$1,0)-1))+1),"th","st","nd","rd","th"))&"]")} -> 1.103 [34th] | G20: ='テンプレート'!G20 -> 大J急降下滞空 | H20: {=IF(INDEX('行動フレーム・能力値'!$C$2:$AD$115, MATCH($A$1,'行動フレーム・能力値'!$A$2:$A$115,0), MATCH(G20,'行動フレーム・能力値'!$C$1:$AD$1,0))="-", "-", INDEX('行動フレーム・能力値'!$C$2:$AD$115, MATCH($A$1,'行動フレーム・能力値'!$A$2:$A$115,0), MATCH(G20,'行動フレーム・能力値'!$C$1:$AD$1,0))&"F")} -> 43F | K20: ='テンプレート'!K20 -> 空中加速 | L20: {=IF(INDEX('能力値その他'!$C$2:$AD$115, MATCH($A$1,'能力値その他'!$A$2:$A$115,0), MATCH(K20,'能力値その他'!$C$1:$AD$1,0))="-", "-", INDEX('能力値その他'!$C$2:$AD$115, MATCH($A$1,'能力値その他'!$A$2:$A$115,0), MATCH(K20,'能力値その他'!$C$1:$AD$1,0))&" ["&INDEX('能力値その他'!$C$2:$AD$115, MATCH($A$1,'能力値その他'!$A$2:$A$115,0), MATCH(K20,'能力値その他'!$C$1:$AD$1,0)-1)&IF(AND(INDEX('能力値その他'!$C$2:$AD$115, MATCH($A$1,'能力値その他'!$A$2:$A$115,0), MATCH(K20,'能力値その他'!$C$1:$AD$1,0)-1)>=11, INDEX('能力値その他'!$C$2:$AD$115, MATCH($A$1,'能力値その他'!$A$2:$A$115,0), MATCH(K20,'能力値その他'!$C$1:$AD$1,0)-1)<=13),"th",CHOOSE(MIN(5,RIGHT(INDEX('能力値その他'!$C$2:$AD$115, MATCH($A$1,'能力値その他'!$A$2:$A$115,0), MATCH(K20,'能力値その他'!$C$1:$AD$1,0)-1))+1),"th","st","nd","rd","th"))&"]")} -> 0.09 [21st] | M20: ='テンプレート'!M20 -> 空中J高度 | N20: {=IF(INDEX('能力値その他'!$C$2:$AD$115, MATCH($A$1,'能力値その他'!$A$2:$A$115,0), MATCH(M20,'能力値その他'!$C$1:$AD$1,0))="-", "-", INDEX('能力値その他'!$C$2:$AD$115, MATCH($A$1,'能力値その他'!$A$2:$A$115,0), MATCH(M20,'能力値その他'!$C$1:$AD$1,0))&" ["&INDEX('能力値その他'!$C$2:$AD$115, MATCH($A$1,'能力値その他'!$A$2:$A$115,0), MATCH(M20,'能力値その他'!$C$1:$AD$1,0)-1)&IF(AND(INDEX('能力値その他'!$C$2:$AD$115, MATCH($A$1,'能力値その他'!$A$2:$A$115,0), MATCH(M20,'能力値その他'!$C$1:$AD$1,0)-1)>=11, INDEX('能力値その他'!$C$2:$AD$115, MATCH($A$1,'能力値その他'!$A$2:$A$115,0), MATCH(M20,'能力値その他'!$C$1:$AD$1,0)-1)<=13),"th",CHOOSE(MIN(5,RIGHT(INDEX('能力値その他'!$C$2:$AD$115, MATCH($A$1,'能力値その他'!$A$2:$A$115,0), MATCH(M20,'能力値その他'!$C$1:$AD$1,0)-1))+1),"th","st","nd","rd","th"))&"]")} -> 37 [19th]
A21: ='テンプレート'!A21 -> 空中ワイヤー | B21: TRUE | C21: ='テンプレート'!C21 -> ステップ全体F | D21: {=IF(INDEX('行動フレーム・能力値'!$C$2:$AD$115, MATCH($A$1,'行動フレーム・能力値'!$A$2:$A$115,0), MATCH(C21,'行動フレーム・能力値'!$C$1:$AD$1,0))="-", "-", INDEX('行動フレーム・能力値'!$C$2:$AD$115, MATCH($A$1,'行動フレーム・能力値'!$A$2:$A$115,0), MATCH(C21,'行動フレーム・能力値'!$C$1:$AD$1,0))&"F ["&INDEX('行動フレーム・能力値'!$C$2:$AD$115, MATCH($A$1,'行動フレーム・能力値'!$A$2:$A$115,0), MATCH(C21,'行動フレーム・能力値'!$C$1:$AD$1,0)-1)&IF(AND(INDEX('行動フレーム・能力値'!$C$2:$AD$115, MATCH($A$1,'行動フレーム・能力値'!$A$2:$A$115,0), MATCH(C21,'行動フレーム・能力値'!$C$1:$AD$1,0)-1)>=11, INDEX('行動フレーム・能力値'!$C$2:$AD$115, MATCH($A$1,'行動フレーム・能力値'!$A$2:$A$115,0), MATCH(C21,'行動フレーム・能力値'!$C$1:$AD$1,0)-1)<=13),"th",CHOOSE(MIN(5,RIGHT(INDEX('行動フレーム・能力値'!$C$2:$AD$115, MATCH($A$1,'行動フレーム・能力値'!$A$2:$A$115,0), MATCH(C21,'行動フレーム・能力値'!$C$1:$AD$1,0)-1))+1),"th","st","nd","rd","th"))&"]")} -> 19F [13th] | E21: ='テンプレート'!E21 -> 落下速度 | F21: {=IF(INDEX('行動フレーム・能力値'!$C$2:$AD$115, MATCH($A$1,'行動フレーム・能力値'!$A$2:$A$115,0), MATCH(E21,'行動フレーム・能力値'!$C$1:$AD$1,0))="-", "-", INDEX('行動フレーム・能力値'!$C$2:$AD$115, MATCH($A$1,'行動フレーム・能力値'!$A$2:$A$115,0), MATCH(E21,'行動フレーム・能力値'!$C$1:$AD$1,0))&" ["&INDEX('行動フレーム・能力値'!$C$2:$AD$115, MATCH($A$1,'行動フレーム・能力値'!$A$2:$A$115,0), MATCH(E21,'行動フレーム・能力値'!$C$1:$AD$1,0)-1)&IF(AND(INDEX('行動フレーム・能力値'!$C$2:$AD$115, MATCH($A$1,'行動フレーム・能力値'!$A$2:$A$115,0), MATCH(E21,'行動フレーム・能力値'!$C$1:$AD$1,0)-1)>=11, INDEX('行動フレーム・能力値'!$C$2:$AD$115, MATCH($A$1,'行動フレーム・能力値'!$A$2:$A$115,0), MATCH(E21,'行動フレーム・能力値'!$C$1:$AD$1,0)-1)<=13),"th",CHOOSE(MIN(5,RIGHT(INDEX('行動フレーム・能力値'!$C$2:$AD$115, MATCH($A$1,'行動フレーム・能力値'!$A$2:$A$115,0), MATCH(E21,'行動フレーム・能力値'!$C$1:$AD$1,0)-1))+1),"th","st","nd","rd","th"))&"]")} -> 1.33 [75th] | K21: ='テンプレート'!K21 -> 空中抵抗 | L21: {=IF(INDEX('能力値その他'!$C$2:$AD$115, MATCH($A$1,'能力値その他'!$A$2:$A$115,0), MATCH(K21,'能力値その他'!$C$1:$AD$1,0))="-", "-", INDEX('能力値その他'!$C$2:$AD$115, MATCH($A$1,'能力値その他'!$A$2:$A$115,0), MATCH(K21,'能力値その他'!$C$1:$AD$1,0))&" ["&INDEX('能力値その他'!$C$2:$AD$115, MATCH($A$1,'能力値その他'!$A$2:$A$115,0), MATCH(K21,'能力値その他'!$C$1:$AD$1,0)-1)&IF(AND(INDEX('能力値その他'!$C$2:$AD$115, MATCH($A$1,'能力値その他'!$A$2:$A$115,0), MATCH(K21,'能力値その他'!$C$1:$AD$1,0)-1)>=11, INDEX('能力値その他'!$C$2:$AD$115, MATCH($A$1,'能力値その他'!$A$2:$A$115,0), MATCH(K21,'能力値その他'!$C$1:$AD$1,0)-1)<=13),"th",CHOOSE(MIN(5,RIGHT(INDEX('能力値その他'!$C$2:$AD$115, MATCH($A$1,'能力値その他'!$A$2:$A$115,0), MATCH(K21,'能力値その他'!$C$1:$AD$1,0)-1))+1),"th","st","nd","rd","th"))&"]")} -> 0.0075 [67th]
E22: ='テンプレート'!E22 -> 急降下速度 | F22: {=IF(INDEX('行動フレーム・能力値'!$C$2:$AD$115, MATCH($A$1,'行動フレーム・能力値'!$A$2:$A$115,0), MATCH(E22,'行動フレーム・能力値'!$C$1:$AD$1,0))="-", "-", INDEX('行動フレーム・能力値'!$C$2:$AD$115, MATCH($A$1,'行動フレーム・能力値'!$A$2:$A$115,0), MATCH(E22,'行動フレーム・能力値'!$C$1:$AD$1,0))&" ["&INDEX('行動フレーム・能力値'!$C$2:$AD$115, MATCH($A$1,'行動フレーム・能力値'!$A$2:$A$115,0), MATCH(E22,'行動フレーム・能力値'!$C$1:$AD$1,0)-1)&IF(AND(INDEX('行動フレーム・能力値'!$C$2:$AD$115, MATCH($A$1,'行動フレーム・能力値'!$A$2:$A$115,0), MATCH(E22,'行動フレーム・能力値'!$C$1:$AD$1,0)-1)>=11, INDEX('行動フレーム・能力値'!$C$2:$AD$115, MATCH($A$1,'行動フレーム・能力値'!$A$2:$A$115,0), MATCH(E22,'行動フレーム・能力値'!$C$1:$AD$1,0)-1)<=13),"th",CHOOSE(MIN(5,RIGHT(INDEX('行動フレーム・能力値'!$C$2:$AD$115, MATCH($A$1,'行動フレーム・能力値'!$A$2:$A$115,0), MATCH(E22,'行動フレーム・能力値'!$C$1:$AD$1,0)-1))+1),"th","st","nd","rd","th"))&"]")} -> 2.128 [75th] | K22: ='テンプレート'!K22 -> 重力 | L22: {=IF(INDEX('能力値その他'!$C$2:$AD$115, MATCH($A$1,'能力値その他'!$A$2:$A$115,0), MATCH(K22,'能力値その他'!$C$1:$AD$1,0))="-", "-", INDEX('能力値その他'!$C$2:$AD$115, MATCH($A$1,'能力値その他'!$A$2:$A$115,0), MATCH(K22,'能力値その他'!$C$1:$AD$1,0))&" ["&INDEX('能力値その他'!$C$2:$AD$115, MATCH($A$1,'能力値その他'!$A$2:$A$115,0), MATCH(K22,'能力値その他'!$C$1:$AD$1,0)-1)&IF(AND(INDEX('能力値その他'!$C$2:$AD$115, MATCH($A$1,'能力値その他'!$A$2:$A$115,0), MATCH(K22,'能力値その他'!$C$1:$AD$1,0)-1)>=11, INDEX('能力値その他'!$C$2:$AD$115, MATCH($A$1,'能力値その他'!$A$2:$A$115,0), MATCH(K22,'能力値その他'!$C$1:$AD$1,0)-1)<=13),"th",CHOOSE(MIN(5,RIGHT(INDEX('能力値その他'!$C$2:$AD$115, MATCH($A$1,'能力値その他'!$A$2:$A$115,0), MATCH(K22,'能力値その他'!$C$1:$AD$1,0)-1))+1),"th","st","nd","rd","th"))&"]")} -> 0.075 [75th]
A24: 地上攻撃
C25: 判定持続 | D25: 全体フレーム | E25: 基礎ダメージ | F25: ダメージ (1v1) | G25: ガード硬直 | H25: 備考 | K25: ベクトル | L25: KBG (R.E.) | M25: BKB (R.A.) | N25: FKB (R.F.) | O25: 盾削り値 | P25: ﾋｯﾄｽﾄｯﾌﾟ | Q25: ずらし | U25: 慣性消去
A26: 弱攻撃 | B26: 弱1 | C26: 3-4 | D26: 17 | E26: 3 | F26: 3.6 | G26: 4F | H26: 15-30Fは弱2に移行可能。 | O26: 0 | P26: 1 | Q26: 1 | U26: 1F
B27: 弱2 | C27: 6-9 | D27: 29 | E27: 8 | F27: 9.6 | G27: 8F | O27: 0 | P27: 1 | Q27: 1 | U27: -
A28: ダッシュ攻撃 | B28: 始 | C28: 8-9 | D28: 41 | E28: 10 | F28: 12 | G28: 7F | O28: 0 | P28: 1 | Q28: 1 | U28: 1F
C29: 10-13 | E29: 10 | F29: 12 | G29: 7F | O29: 0 | P29: 1 | Q29: 1
B30: 持続 | C30: 14-18 | E30: 6 | F30: 7.2 | G30: 6F | O30: 0 | P30: 1 | Q30: 1
A31: 横強 | B31: 上シフト | C31: 8-10 | D31: 33 | E31: 9/10/11 | F31: 10.8/12/13.2 | G31: 9F/10F/10F | O31: 0 | P31: 1 | Q31: 1 | U31: 1F(*)
B32: 無シフト | E32: 8/9/10 | F32: 9.6/10.8/12 | G32: 8F/9F/10F | O32: 0 | P32: 1 | Q32: 1
B33: 下シフト | E33: 9/10/11 | F33: 10.8/12/13.2 | G33: 9F/10F/10F | O33: 0 | P33: 1 | Q33: 1
A34: 上強 | B34: 対地 | C34: 15-18 | D34: 39 | E34: 13 | F34: 15.6 | G34: 12F | O34: 0 | P34: 1 | Q34: 1 | U34: 1F
B35: 対空 | E35: 12 | F35: 14.4
A36: 下強 | C36: 6-8 | D36: 44 | E36: 12 | F36: 14.4 | G36: 11F | O36: 0 | P36: 1 | Q36: 1 | U36: 1F
A37: 横スマッシュ | B37: 上シフト | C37: 10-11 | D37: 48 | E37: 13/13/15 | F37: 15.6/15.6/18 | G37: 9F/9F/10F | H37: 溜め開始：4F目 | O37: 0 | P37: 1 | Q37: 1 | U37: なし
B38: 無シフト | E38: 12/12/14 | F38: 14.4/14.4/16.8 | G38: 8F/8F/10F | O38: 0 | P38: 1 | Q38: 1
B39: 下シフト | E39: 11/11/13.5 | F39: 13.2/13.2/16.2 | G39: 8F/8F/9F | O39: 0 | P39: 1 | Q39: 1
A40: 上スマッシュ | B40: Hit 1 | C40: 11-12 | D40: 56 | E40: 3 | F40: 3.6 | G40: 3F | H40: 溜め開始：7F目 | O40: 0 | P40: 1 | Q40: 0.8 | U40: 8F
B41: Hit 2 | C41: 15-16 | E41: 3 | F41: 3.6 | G41: 3F | O41: 0 | P41: 1 | Q41: 0.8
B42: Hit 3 | C42: 19-20 | E42: 3 | F42: 3.6 | G42: 3F | O42: 0 | P42: 1 | Q42: 0.8
B43: Hit 4 | C43: 23-24 | E43: 3 | F43: 3.6 | G43: 3F | O43: 0 | P43: 1 | Q43: 0.8
B44: Hit 5 | C44: 27-28 | E44: 6 | F44: 7.2 | G44: 5F | O44: 0 | P44: 1 | Q44: 0.8
A45: 下スマッシュ | B45: Hit 1 | C45: 9-10 | D45: 44 | E45: 10 | F45: 12 | G45: 7F | H45: 溜め開始：4F目 | O45: 0 | P45: 1 | Q45: 1 | U45: なし
B46: Hit 2 | C46: 17-18 | E46: 12 | F46: 14.4 | G46: 8F | O46: 0 | P46: 1 | Q46: 1
A48: 空中攻撃
C49: 判定持続 | D49: 全体フレーム | E49: 基礎ダメージ | F49: ダメージ (1v1) | G49: ダメ (1v1+小J) | H49: ガード硬直 | I49: ='テンプレート'!I56 -> 着地隙 | J49: 着地隙発生F | K49: ='テンプレート'!K56 -> ベクトル | L49: ='テンプレート'!L56 -> KBG (R.E.) | M49: ='テンプレート'!M56 -> BKB (R.A.) | N49: ='テンプレート'!N56 -> FKB (R.F.) | O49: ='テンプレート'!O56 -> 盾削り値 | P49: ='テンプレート'!P56 -> ﾋｯﾄｽﾄｯﾌﾟ | Q49: ='テンプレート'!Q56 -> ずらし | R49: ='テンプレート'!R56 -> 備考
A50: 空N | B50: Hit 1 | C50: 8-11 | D50: 45 | E50: 10 | F50: 12 | G50: 10.2 | H50: 4F | I50: {=INDEX('空中攻撃'!$O$3:$AA$109, MATCH($A$1,'空中攻撃'!$A$3:$A$109,0), MATCH(A50,'空中攻撃'!$O$2:$S$2,0))} -> 9 | J50: 8-34 | O50: 0 | P50: 1 | Q50: 1
B51: Hit 2 | C51: 14-15 | E51: 9 | F51: 10.8 | G51: 9.18 | H51: 4F | O51: 0 | P51: 1 | Q51: 1
B52: Hit 2, 持続 | C52: 16-22 | E52: 8 | F52: 9.6 | G52: 8.16 | H52: 4F | O52: 0 | P52: 1 | Q52: 1
A53: 空前 | B53: Hit 1 | C53: 6-7 | D53: 59 | E53: 3 | F53: 3.6 | G53: 3.06 | H53: 2F | I53: {=INDEX('空中攻撃'!$O$3:$AA$109, MATCH($A$1,'空中攻撃'!$A$3:$A$109,0), MATCH(A53,'空中攻撃'!$O$2:$S$2,0))} -> 14 | J53: 1-46 | O53: 0 | P53: 1 | Q53: 0.8
B54: Hit 2-4 | C54: 12-13, 18-19, 24-25 | E54: 1.6 | F54: 1.92 | G54: 1.632 | H54: 2F | O54: 0 | P54: 1 | Q54: 0.8
B55: Hit 5 | C55: 30-31 | E55: 5 | F55: 6 | G55: 5.1 | H55: 3F | O55: 0 | P55: 2.2 | Q55: 1
A56: 空後 | C56: 9-10 | D56: 41 | E56: 12/14 | F56: 14.4/16.8 | G56: 12.24/14.28 | H56: 5F/5F | I56: {=INDEX('空中攻撃'!$O$3:$AA$109, MATCH($A$1,'空中攻撃'!$A$3:$A$109,0), MATCH(A56,'空中攻撃'!$O$2:$S$2,0))} -> 14 | J56: 9-41 | O56: 0 | P56: 1.1 | Q56: 1
B57: 持続 | C57: 11-14 | E57: 9 | F57: 10.8 | G57: 9.18 | H57: 4F | O57: 0 | P57: 1 | Q57: 1
A58: 空上 | B58: 始 | C58: 5 | D58: 39 | E58: 3 | F58: 3.6 | G58: 3.06 | H58: 2F | I58: {=INDEX('空中攻撃'!$O$3:$AA$109, MATCH($A$1,'空中攻撃'!$A$3:$A$109,0), MATCH(A58,'空中攻撃'!$O$2:$S$2,0))} -> 18 | J58: 3-33 | O58: 0 | P58: 1 | Q58: 1
B59: 連 | C59: 7-14 (Rehit: 3) | E59: 1.3 | F59: 1.56 | G59: 1.326 | H59: 2F | O59: 0 | P59: 1 | Q59: 1
B60: 〆 | C60: 16-17 | E60: 4 | F60: 4.8 | G60: 4.08 | H60: 3F | O60: 0 | P60: 1 | Q60: 1
A61: 空下 | B61: 始 | C61: 17-18 | D61: 48 | E61: 10 | F61: 12 | G61: 10.2 | H61: 4F | I61: {=INDEX('空中攻撃'!$O$3:$AA$109, MATCH($A$1,'空中攻撃'!$A$3:$A$109,0), MATCH(A61,'空中攻撃'!$O$2:$S$2,0))} -> 12 | J61: 4-33 | O61: 0 | P61: 1 | Q61: 1
B62: メテオ | C62: 19-21 | E62: 14 | F62: 16.8 | G62: 14.28 | H62: 5F | O62: 0 | P62: 1 | Q62: 1
B63: 持続 | C63: 22-23 | E63: 10 | F63: 12 | G63: 10.2 | H63: 4F | O63: 0 | P63: 1 | Q63: 1
A64: 空中ワイヤー | B64: Hit 1 | C64: 8-15 | D64: 59 | E64: 2.5 | F64: 3 | G64: 3 | H64: 4F | I64: 8 | O64: 0 | P64: 1 | Q64: 1 | R64: ワイヤーガケつかまり：2-5F
B65: Hit 2 | C65: 16-19 | E65: 4 | F65: 4.8 | G65: 4.8 | H65: 5F | O65: 0 | P65: 1 | Q65: 1
A67: 必殺ワザ
A68: NB (チャージショット) | C68: 判定持続 | D68: 全体フレーム | E68: 基礎ダメージ | F68: ダメージ (1v1) | G68: ガード硬直 | H68: 備考 | K68: ベクトル | L68: KBG (R.E.) | M68: BKB (R.A.) | N68: FKB (R.F.) | O68: 盾削り値 | P68: ﾋｯﾄｽﾄｯﾌﾟ | Q68: ずらし | R68: 相殺 | S68: 相殺ﾓｰｼｮﾝ | T68: 飛び道具 | U68: 慣性反転 | V68: 向き反転
A69: 地上 | B69: 溜め無し | C69: 16-74 | D69: 44 | E69: 5 | F69: 6 | G69: 3F | H69: 最大溜め：112F 溜め・キャンセル開始：14F目 溜め中からの最速発生は3F。 キャンセルは空中ジャンプのみ全体5F。 回避・シールド・地上ジャンプは全体4F。 盾削り値：-2.5 ~ -12 | O69: 0 | P69: 1 | Q69: 1 | R69: TRUE | T69: TRUE | U69: 5F目 | V69: TRUE
B70: 最大溜め | C70: 16-74 | D70: 60 | E70: 28 | F70: 33.6 | G70: 8F | O70: 3 | P70: 0.7 | Q70: 1 | R70: TRUE | T70: TRUE
A71: 空中 | B71: 溜め無し | C71: 16-74 | D71: 45 | E71: 5 | F71: 6 | G71: 3F
B72: 最大溜め | C72: 16-74 | D72: 45 | E72: 28 | F72: 33.6 | G72: 8F
A73: 横B (ミサイル) | C73: 判定持続 | D73: 全体フレーム | E73: 基礎ダメージ | F73: ダメージ (1v1) | G73: ガード硬直 | H73: 備考 | K73: ベクトル | L73: KBG (R.E.) | M73: BKB (R.A.) | N73: FKB (R.F.) | O73: 盾削り値 | P73: ﾋｯﾄｽﾄｯﾌﾟ | Q73: ずらし | R73: 相殺 | S73: 相殺ﾓｰｼｮﾝ | T73: 飛び道具 | U73: 慣性反転 | V73: 向き反転
A74: 地上 | B74: ホーミングミサイル | C74: 18-135 | D74: 54 | E74: 8 | F74: 9.6 | G74: 3F | H74: 4F目までに弾き入力でスーパーミサイル。 スーパーミサイルは47F目から加速。 | O74: 5 | P74: 1 | Q74: 1 | R74: TRUE | S74: FALSE | T74: TRUE | U74: FALSE | V74: TRUE
B75: スーパーミサイル | C75: 21-96 | D75: 57 | E75: 12 | F75: 14.4 | G75: 4F | T75: TRUE
A76: 空中 | B76: ホーミングミサイル | C76: 18-135 | D76: 59 | E76: 8 | F76: 9.6 | G76: 3F | T76: TRUE
B77: スーパーミサイル | C77: 21-96 | D77: 61 | E77: 12 | F77: 14.4 | G77: 4F | O77: 10 | P77: 1 | Q77: 1 | R77: TRUE | S77: FALSE | T77: TRUE
A78: 上B (スクリューアタック) | C78: 判定持続 | D78: 全体フレーム | E78: 基礎ダメージ | F78: ダメージ (1v1) | G78: ガード硬直 | H78: 備考 | K78: ベクトル | L78: KBG (R.E.) | M78: BKB (R.A.) | N78: FKB (R.F.) | O78: 盾削り値 | P78: ﾋｯﾄｽﾄｯﾌﾟ | Q78: ずらし | R78: 相殺 | S78: 相殺ﾓｰｼｮﾝ | T78: 飛び道具 | U78: 慣性反転 | V78: 向き反転
A79: 地上 | B79: 始 | C79: 4-6 | E79: 3 | F79: 3.6 | G79: 4F | H79: 全身無敵：3-6F (地上) 全身無敵：3-4F (空中) 着地隙：24F ガケつかまり(前)：6F目以降 ガケつかまり(前後)：30F目以降 | O79: 3 | P79: 1 | Q79: 0.5 | R79: TRUE | S79: TRUE | U79: 5F目 | V79: TRUE
B80: 連1 | C80: 7-11 (Rehit: 3) | E80: 1 | F80: 1.2 | O80: 3 | P80: 1 | Q80: 0.2 | R80: TRUE
B81: 連2 | C81: 12-14 (Rehit: 3) | E81: 1 | F81: 1.2 | R81: FALSE | S81: FALSE | T81: FALSE
B82: 連3 | C82: 15-24 (Rehit: 3) | E82: 1 | F82: 1.2 | R82: FALSE | S82: FALSE | T82: FALSE
B83: 〆 | C83: 25-26 | E83: 2 | F83: 2.4 | O83: 3 | P83: 2 | Q83: 1 | R83: TRUE | S83: FALSE
A84: 空中 | B84: 連1 | C84: 5-10 (Rehit: 2) | E84: 1 | F84: 1.2 | G84: 2F | O84: 3 | P84: 1 | Q84: 1/1/0.5 | R84: TRUE | S84: FALSE
B85: 連2 | C85: 11-26 (Rehit: 2) | E85: 1 | F85: 1.2 | G85: 2F | R85: FALSE | S85: FALSE | T85: FALSE
B86: 〆 | C86: 27-28 | E86: 1 | F86: 1.2 | G86: 2F | O86: 3 | P86: 2 | Q86: 1 | R86: TRUE | S86: FALSE
A87: 下B (ボム) | C87: 判定持続 | D87: 全体フレーム | E87: 基礎ダメージ | F87: ダメージ (1v1) | G87: ガード硬直 | H87: 備考 | K87: ベクトル | L87: KBG (R.E.) | M87: BKB (R.A.) | N87: FKB (R.F.) | O87: 盾削り値 | P87: ﾋｯﾄｽﾄｯﾌﾟ | Q87: ずらし | R87: 相殺 | S87: 相殺ﾓｰｼｮﾝ | T87: 飛び道具 | U87: 慣性反転 | V87: 向き反転
A88: 地上・空中 | B88: ボム, 地上 | C88: 33-80 | D88: 47 | E88: 4 | F88: 4.8 | G88: 2F | O88: 6 | P88: 0.6 | Q88: 1 | R88: TRUE | S88: FALSE | T88: TRUE | U88: FALSE | V88: FALSE
B89: ボム, 空中 | D89: 48 | T89: TRUE
B90: 爆風 | C90: 1-18 | E90: 5 | F90: 6 | G90: 3F | O90: 6 | P90: 0.3 | Q90: 1 | R90: TRUE | S90: FALSE | T90: TRUE
B91: ボムジャンプ | D91: 48
A93: つかみ・投げ
C94: 判定持続 | D94: 全体フレーム | E94: 基礎ダメージ | F94: ダメージ (1v1)
A95: つかみ攻撃 | B95: つかみ攻撃 | C95: 1 | D95: 6 | E95: 1.3 | F95: 1.56
A96: つかみ | B96: その場 | C96: 15-22 15-17 | D96: 59
B97: ダッシュ | C97: 17-24 17-19 | D97: 67
B98: ふりむき | C98: 18-25 18-20 | D98: 62
A99: 投げ | C99: 判定持続 | D99: 全体フレーム | E99: 基礎ダメージ | F99: ダメージ (1v1) | G99: 備考 | K99: ='テンプレート'!K97 -> ベクトル | L99: ='テンプレート'!L97 -> KBG (R.E.) | M99: ='テンプレート'!M97 -> BKB (R.A.) | N99: ='テンプレート'!N97 -> FKB (R.F.) | O99: ='テンプレート'!O97 -> 盾削り値 | P99: ='テンプレート'!P97 -> ﾋｯﾄｽﾄｯﾌﾟ | Q99: ='テンプレート'!Q97 -> ずらし
A100: 前投げ | B100: 打撃 | D100: 41
B101: 投げ | C101: 16 | E101: 10 | F101: 12
A102: 後投げ | B102: 打撃 | D102: 49
B103: 投げ | C103: 12 | E103: 10 | F103: 12
A104: 上投げ | B104: 打撃 | C104: 15 | D104: 41 | E104: 5 | F104: 6 | O104: 0 | P104: 0 | Q104: 0
B105: 投げ | C105: 16 | E105: 7 | F105: 8.4
A106: 下投げ | B106: 打撃 | D106: 37
B107: 投げ | C107: 21 | E107: 8 | F107: 9.6
A109: 回避
C110: 無敵フレーム | D110: 無敵 (ペナ最大) | E110: 全体フレーム | F110: 全体 (ペナ最大)
A111: 地上回避 | B111: その場 | C111: {=INDEX('回避'!$C$3:$U$84, MATCH($A$1,'回避'!$A$3:$A$91,0), MATCH(C110,'回避'!$C$2:$F$2,0))} -> 3-17 | D111: {=INDEX('回避'!$C$3:$U$84, MATCH($A$1,'回避'!$A$3:$A$91,0), MATCH(D110,'回避'!$C$2:$F$2,0))} -> 6-17 | E111: {=INDEX('回避'!$C$3:$U$84, MATCH($A$1,'回避'!$A$3:$A$91,0), MATCH(E110,'回避'!$C$2:$F$2,0))} -> 26 (21) | F111: {=INDEX('回避'!$C$3:$U$84, MATCH($A$1,'回避'!$A$3:$A$91,0), MATCH(F110,'回避'!$C$2:$F$2,0))} -> 35 (28)
B112: 前方 | C112: {=INDEX('回避'!$G$3:$U$84, MATCH($A$1,'回避'!$A$3:$A$91,0), MATCH(C110,'回避'!$G$2:$J$2,0))} -> 4-18 | D112: {=INDEX('回避'!$G$3:$U$84, MATCH($A$1,'回避'!$A$3:$A$91,0), MATCH(D110,'回避'!$G$2:$J$2,0))} -> 8-16 | E112: {=INDEX('回避'!$G$3:$U$84, MATCH($A$1,'回避'!$A$3:$A$91,0), MATCH(E110,'回避'!$G$2:$J$2,0))} -> 34 | F112: {=INDEX('回避'!$G$3:$U$84, MATCH($A$1,'回避'!$A$3:$A$91,0), MATCH(F110,'回避'!$G$2:$J$2,0))} -> 45
B113: 後方 | C113: {=INDEX('回避'!$K$3:$U$84, MATCH($A$1,'回避'!$A$3:$A$91,0), MATCH(C110,'回避'!$K$2:$N$2,0))} -> 5-20 | D113: {=INDEX('回避'!$K$3:$U$84, MATCH($A$1,'回避'!$A$3:$A$91,0), MATCH(D110,'回避'!$K$2:$N$2,0))} -> 9-16 | E113: {=INDEX('回避'!$K$3:$U$84, MATCH($A$1,'回避'!$A$3:$A$91,0), MATCH(E110,'回避'!$K$2:$N$2,0))} -> 39 | F113: {=INDEX('回避'!$K$3:$U$84, MATCH($A$1,'回避'!$A$3:$A$91,0), MATCH(F110,'回避'!$K$2:$N$2,0))} -> 59
...

Sheet 4. ダークサムス
A1: 4' | C1: =IMAGE(VLOOKUP($A$1,Fighters!A2:AI114,12,FALSE),1) -> #REF!
A2: =VLOOKUP($A$1,Fighters!$A$2:$AI$81,6,FALSE) -> #32474a
A3: =VLOOKUP($A$1,Fighters!$A$2:$AI$81,14,FALSE) -> 4'. ダークサムス
A4: =VLOOKUP($A$1,Fighters!$A$2:$AI$81,13,FALSE) -> 1
I6: 最終更新
H8: 44379.843
A15: ='テンプレート'!A15 -> 行動フレーム・能力値
C16: ='テンプレート'!C16 -> 行動フレーム | E16: ='テンプレート'!E16 -> 能力値 | G16: ='テンプレート'!G16 -> 滞空フレーム | K16: ='テンプレート'!K16 -> 能力値その他
A17: ='テンプレート'!A17 -> ジャンプ回数 | B17: 2回 | C17: ='テンプレート'!C17 -> ジャンプ踏切 | D17: {=IF(INDEX('行動フレーム・能力値'!$C$2:$AD$115, MATCH($A$1,'行動フレーム・能力値'!$A$2:$A$115,0), MATCH(C17,'行動フレーム・能力値'!$C$1:$AD$1,0))="-", "-", INDEX('行動フレーム・能力値'!$C$2:$AD$115, MATCH($A$1,'行動フレーム・能力値'!$A$2:$A$115,0), MATCH(C17,'行動フレーム・能力値'!$C$1:$AD$1,0))&"F")} -> 3F | E17: ='テンプレート'!E17 -> 体重 | F17: {=IF(INDEX('行動フレーム・能力値'!$C$2:$AD$115, MATCH($A$1,'行動フレーム・能力値'!$A$2:$A$115,0), MATCH(E17,'行動フレーム・能力値'!$C$1:$AD$1,0))="-", "-", INDEX('行動フレーム・能力値'!$C$2:$AD$115, MATCH($A$1,'行動フレーム・能力値'!$A$2:$A$115,0), MATCH(E17,'行動フレーム・能力値'!$C$1:$AD$1,0))&" ["&INDEX('行動フレーム・能力値'!$C$2:$AD$115, MATCH($A$1,'行動フレーム・能力値'!$A$2:$A$115,0), MATCH(E17,'行動フレーム・能力値'!$C$1:$AD$1,0)-1)&IF(AND(INDEX('行動フレーム・能力値'!$C$2:$AD$115, MATCH($A$1,'行動フレーム・能力値'!$A$2:$A$115,0), MATCH(E17,'行動フレーム・能力値'!$C$1:$AD$1,0)-1)>=11, INDEX('行動フレーム・能力値'!$C$2:$AD$115, MATCH($A$1,'行動フレーム・能力値'!$A$2:$A$115,0), MATCH(E17,'行動フレーム・能力値'!$C$1:$AD$1,0)-1)<=13),"th",CHOOSE(MIN(5,RIGHT(INDEX('行動フレーム・能力値'!$C$2:$AD$115, MATCH($A$1,'行動フレーム・能力値'!$A$2:$A$115,0), MATCH(E17,'行動フレーム・能力値'!$C$1:$AD$1,0)-1))+1),"th","st","nd","rd","th"))&"]")} -> 108 [10th] | G17: ='テンプレート'!G17 -> 小J滞空 | H17: {=IF(INDEX('行動フレーム・能力値'!$C$2:$AD$115, MATCH($A$1,'行動フレーム・能力値'!$A$2:$A$115,0), MATCH(G17,'行動フレーム・能力値'!$C$1:$AD$1,0))="-", "-", INDEX('行動フレーム・能力値'!$C$2:$AD$115, MATCH($A$1,'行動フレーム・能力値'!$A$2:$A$115,0), MATCH(G17,'行動フレーム・能力値'!$C$1:$AD$1,0))&"F")} -> 44F | K17: ='テンプレート'!K17 -> ダッシュ初速 | L17: {=IF(INDEX('能力値その他'!$C$2:$AD$115, MATCH($A$1,'能力値その他'!$A$2:$A$115,0), MATCH(K17,'能力値その他'!$C$1:$AD$1,0))="-", "-", INDEX('能力値その他'!$C$2:$AD$115, MATCH($A$1,'能力値その他'!$A$2:$A$115,0), MATCH(K17,'能力値その他'!$C$1:$AD$1,0))&" ["&INDEX('能力値その他'!$C$2:$AD$115, MATCH($A$1,'能力値その他'!$A$2:$A$115,0), MATCH(K17,'能力値その他'!$C$1:$AD$1,0)-1)&IF(AND(INDEX('能力値その他'!$C$2:$AD$115, MATCH($A$1,'能力値その他'!$A$2:$A$115,0), MATCH(K17,'能力値その他'!$C$1:$AD$1,0)-1)>=11, INDEX('能力値その他'!$C$2:$AD$115, MATCH($A$1,'能力値その他'!$A$2:$A$115,0), MATCH(K17,'能力値その他'!$C$1:$AD$1,0)-1)<=13),"th",CHOOSE(MIN(5,RIGHT(INDEX('能力値その他'!$C$2:$AD$115, MATCH($A$1,'能力値その他'!$A$2:$A$115,0), MATCH(K17,'能力値その他'!$C$1:$AD$1,0)-1))+1),"th","st","nd","rd","th"))&"]")} -> 1.87 [51st] | M17: ='テンプレート'!M17 -> 大J初速 | N17: {=IF(INDEX('能力値その他'!$C$2:$AD$115, MATCH($A$1,'能力値その他'!$A$2:$A$115,0), MATCH(M17,'能力値その他'!$C$1:$AD$1,0))="-", "-", INDEX('能力値その他'!$C$2:$AD$115, MATCH($A$1,'能力値その他'!$A$2:$A$115,0), MATCH(M17,'能力値その他'!$C$1:$AD$1,0))&" ["&INDEX('能力値その他'!$C$2:$AD$115, MATCH($A$1,'能力値その他'!$A$2:$A$115,0), MATCH(M17,'能力値その他'!$C$1:$AD$1,0)-1)&IF(AND(INDEX('能力値その他'!$C$2:$AD$115, MATCH($A$1,'能力値その他'!$A$2:$A$115,0), MATCH(M17,'能力値その他'!$C$1:$AD$1,0)-1)>=11, INDEX('能力値その他'!$C$2:$AD$115, MATCH($A$1,'能力値その他'!$A$2:$A$115,0), MATCH(M17,'能力値その他'!$C$1:$AD$1,0)-1)<=13),"th",CHOOSE(MIN(5,RIGHT(INDEX('能力値その他'!$C$2:$AD$115, MATCH($A$1,'能力値その他'!$A$2:$A$115,0), MATCH(M17,'能力値その他'!$C$1:$AD$1,0)-1))+1),"th","st","nd","rd","th"))&"]")} -> -
A18: ='テンプレート'!A18 -> しゃがみ歩き | B18: FALSE | C18: ='テンプレート'!C18 -> 小着地 | D18: {=IF(INDEX('行動フレーム・能力値'!$C$2:$AD$115, MATCH($A$1,'行動フレーム・能力値'!$A$2:$A$115,0), MATCH(C18,'行動フレーム・能力値'!$C$1:$AD$1,0))="-", "-", INDEX('行動フレーム・能力値'!$C$2:$AD$115, MATCH($A$1,'行動フレーム・能力値'!$A$2:$A$115,0), MATCH(C18,'行動フレーム・能力値'!$C$1:$AD$1,0))&"F")} -> 2F | E18: ='テンプレート'!E18 -> 歩行速度 | F18: {=IF(INDEX('行動フレーム・能力値'!$C$2:$AD$115, MATCH($A$1,'行動フレーム・能力値'!$A$2:$A$115,0), MATCH(E18,'行動フレーム・能力値'!$C$1:$AD$1,0))="-", "-", INDEX('行動フレーム・能力値'!$C$2:$AD$115, MATCH($A$1,'行動フレーム・能力値'!$A$2:$A$115,0), MATCH(E18,'行動フレーム・能力値'!$C$1:$AD$1,0))&" ["&INDEX('行動フレーム・能力値'!$C$2:$AD$115, MATCH($A$1,'行動フレーム・能力値'!$A$2:$A$115,0), MATCH(E18,'行動フレーム・能力値'!$C$1:$AD$1,0)-1)&IF(AND(INDEX('行動フレーム・能力値'!$C$2:$AD$115, MATCH($A$1,'行動フレーム・能力値'!$A$2:$A$115,0), MATCH(E18,'行動フレーム・能力値'!$C$1:$AD$1,0)-1)>=11, INDEX('行動フレーム・能力値'!$C$2:$AD$115, MATCH($A$1,'行動フレーム・能力値'!$A$2:$A$115,0), MATCH(E18,'行動フレーム・能力値'!$C$1:$AD$1,0)-1)<=13),"th",CHOOSE(MIN(5,RIGHT(INDEX('行動フレーム・能力値'!$C$2:$AD$115, MATCH($A$1,'行動フレーム・能力値'!$A$2:$A$115,0), MATCH(E18,'行動フレーム・能力値'!$C$1:$AD$1,0)-1))+1),"th","st","nd","rd","th"))&"]")} -> 1.115 [44th] | G18: ='テンプレート'!G18 -> 大J滞空 | H18: {=IF(INDEX('行動フレーム・能力値'!$C$2:$AD$115, MATCH($A$1,'行動フレーム・能力値'!$A$2:$A$115,0), MATCH(G18,'行動フレーム・能力値'!$C$1:$AD$1,0))="-", "-", INDEX('行動フレーム・能力値'!$C$2:$AD$115, MATCH($A$1,'行動フレーム・能力値'!$A$2:$A$115,0), MATCH(G18,'行動フレーム・能力値'!$C$1:$AD$1,0))&"F")} -> 61F | K18: ='テンプレート'!K18 -> 走行加速 | L18: {=IF(INDEX('能力値その他'!$C$2:$AD$115, MATCH($A$1,'能力値その他'!$A$2:$A$115,0), MATCH(K18,'能力値その他'!$C$1:$AD$1,0))="-", "-", INDEX('能力値その他'!$C$2:$AD$115, MATCH($A$1,'能力値その他'!$A$2:$A$115,0), MATCH(K18,'能力値その他'!$C$1:$AD$1,0))&" ["&INDEX('能力値その他'!$C$2:$AD$115, MATCH($A$1,'能力値その他'!$A$2:$A$115,0), MATCH(K18,'能力値その他'!$C$1:$AD$1,0)-1)&IF(AND(INDEX('能力値その他'!$C$2:$AD$115, MATCH($A$1,'能力値その他'!$A$2:$A$115,0), MATCH(K18,'能力値その他'!$C$1:$AD$1,0)-1)>=11, INDEX('能力値その他'!$C$2:$AD$115, MATCH($A$1,'能力値その他'!$A$2:$A$115,0), MATCH(K18,'能力値その他'!$C$1:$AD$1,0)-1)<=13),"th",CHOOSE(MIN(5,RIGHT(INDEX('能力値その他'!$C$2:$AD$115, MATCH($A$1,'能力値その他'!$A$2:$A$115,0), MATCH(K18,'能力値その他'!$C$1:$AD$1,0)-1))+1),"th","st","nd","rd","th"))&"]")} -> 0.176 [7th] | M18: ='テンプレート'!M18 -> 大J高度 | N18: {=IF(INDEX('能力値その他'!$C$2:$AD$115, MATCH($A$1,'能力値その他'!$A$2:$A$115,0), MATCH(M18,'能力値その他'!$C$1:$AD$1,0))="-", "-", INDEX('能力値その他'!$C$2:$AD$115, MATCH($A$1,'能力値その他'!$A$2:$A$115,0), MATCH(M18,'能力値その他'!$C$1:$AD$1,0))&" ["&INDEX('能力値その他'!$C$2:$AD$115, MATCH($A$1,'能力値その他'!$A$2:$A$115,0), MATCH(M18,'能力値その他'!$C$1:$AD$1,0)-1)&IF(AND(INDEX('能力値その他'!$C$2:$AD$115, MATCH($A$1,'能力値その他'!$A$2:$A$115,0), MATCH(M18,'能力値その他'!$C$1:$AD$1,0)-1)>=11, INDEX('能力値その他'!$C$2:$AD$115, MATCH($A$1,'能力値その他'!$A$2:$A$115,0), MATCH(M18,'能力値その他'!$C$1:$AD$1,0)-1)<=13),"th",CHOOSE(MIN(5,RIGHT(INDEX('能力値その他'!$C$2:$AD$115, MATCH($A$1,'能力値その他'!$A$2:$A$115,0), MATCH(M18,'能力値その他'!$C$1:$AD$1,0)-1))+1),"th","st","nd","rd","th"))&"]")} -> 37 [13th]
A19: ='テンプレート'!A19 -> カベジャンプ | B19: TRUE | C19: ='テンプレート'!C19 -> 大着地 | D19: {=IF(INDEX('行動フレーム・能力値'!$C$2:$AD$115, MATCH($A$1,'行動フレーム・能力値'!$A$2:$A$115,0), MATCH(C19,'行動フレーム・能力値'!$C$1:$AD$1,0))="-", "-", INDEX('行動フレーム・能力値'!$C$2:$AD$115, MATCH($A$1,'行動フレーム・能力値'!$A$2:$A$115,0), MATCH(C19,'行動フレーム・能力値'!$C$1:$AD$1,0))&"F")} -> 4F | E19: ='テンプレート'!E19 -> 走行速度 | F19: {=IF(INDEX('行動フレーム・能力値'!$C$2:$AD$115, MATCH($A$1,'行動フレーム・能力値'!$A$2:$A$115,0), MATCH(E19,'行動フレーム・能力値'!$C$1:$AD$1,0))="-", "-", INDEX('行動フレーム・能力値'!$C$2:$AD$115, MATCH($A$1,'行動フレーム・能力値'!$A$2:$A$115,0), MATCH(E19,'行動フレーム・能力値'!$C$1:$AD$1,0))&" ["&INDEX('行動フレーム・能力値'!$C$2:$AD$115, MATCH($A$1,'行動フレーム・能力値'!$A$2:$A$115,0), MATCH(E19,'行動フレーム・能力値'!$C$1:$AD$1,0)-1)&IF(AND(INDEX('行動フレーム・能力値'!$C$2:$AD$115, MATCH($A$1,'行動フレーム・能力値'!$A$2:$A$115,0), MATCH(E19,'行動フレーム・能力値'!$C$1:$AD$1,0)-1)>=11, INDEX('行動フレーム・能力値'!$C$2:$AD$115, MATCH($A$1,'行動フレーム・能力値'!$A$2:$A$115,0), MATCH(E19,'行動フレーム・能力値'!$C$1:$AD$1,0)-1)<=13),"th",CHOOSE(MIN(5,RIGHT(INDEX('行動フレーム・能力値'!$C$2:$AD$115, MATCH($A$1,'行動フレーム・能力値'!$A$2:$A$115,0), MATCH(E19,'行動フレーム・能力値'!$C$1:$AD$1,0)-1))+1),"th","st","nd","rd","th"))&"]")} -> 1.654 [50th] | G19: ='テンプレート'!G19 -> 小J急降下滞空 | H19: {=IF(INDEX('行動フレーム・能力値'!$C$2:$AD$115, MATCH($A$1,'行動フレーム・能力値'!$A$2:$A$115,0), MATCH(G19,'行動フレーム・能力値'!$C$1:$AD$1,0))="-", "-", INDEX('行動フレーム・能力値'!$C$2:$AD$115, MATCH($A$1,'行動フレーム・能力値'!$A$2:$A$115,0), MATCH(G19,'行動フレーム・能力値'!$C$1:$AD$1,0))&"F")} -> 31F | K19: ='テンプレート'!K19 -> 地上抵抗 | L19: {=IF(INDEX('能力値その他'!$C$2:$AD$115, MATCH($A$1,'能力値その他'!$A$2:$A$115,0), MATCH(K19,'能力値その他'!$C$1:$AD$1,0))="-", "-", INDEX('能力値その他'!$C$2:$AD$115, MATCH($A$1,'能力値その他'!$A$2:$A$115,0), MATCH(K19,'能力値その他'!$C$1:$AD$1,0))&" ["&INDEX('能力値その他'!$C$2:$AD$115, MATCH($A$1,'能力値その他'!$A$2:$A$115,0), MATCH(K19,'能力値その他'!$C$1:$AD$1,0)-1)&IF(AND(INDEX('能力値その他'!$C$2:$AD$115, MATCH($A$1,'能力値その他'!$A$2:$A$115,0), MATCH(K19,'能力値その他'!$C$1:$AD$1,0)-1)>=11, INDEX('能力値その他'!$C$2:$AD$115, MATCH($A$1,'能力値その他'!$A$2:$A$115,0), MATCH(K19,'能力値その他'!$C$1:$AD$1,0)-1)<=13),"th",CHOOSE(MIN(5,RIGHT(INDEX('能力値その他'!$C$2:$AD$115, MATCH($A$1,'能力値その他'!$A$2:$A$115,0), MATCH(K19,'能力値その他'!$C$1:$AD$1,0)-1))+1),"th","st","nd","rd","th"))&"]")} -> 0.082 [83rd] | M19: ='テンプレート'!M19 -> 小J高度 | N19: {=IF(INDEX('能力値その他'!$C$2:$AD$115, MATCH($A$1,'能力値その他'!$A$2:$A$115,0), MATCH(M19,'能力値その他'!$C$1:$AD$1,0))="-", "-", INDEX('能力値その他'!$C$2:$AD$115, MATCH($A$1,'能力値その他'!$A$2:$A$115,0), MATCH(M19,'能力値その他'!$C$1:$AD$1,0))&" ["&INDEX('能力値その他'!$C$2:$AD$115, MATCH($A$1,'能力値その他'!$A$2:$A$115,0), MATCH(M19,'能力値その他'!$C$1:$AD$1,0)-1)&IF(AND(INDEX('能力値その他'!$C$2:$AD$115, MATCH($A$1,'能力値その他'!$A$2:$A$115,0), MATCH(M19,'能力値その他'!$C$1:$AD$1,0)-1)>=11, INDEX('能力値その他'!$C$2:$AD$115, MATCH($A$1,'能力値その他'!$A$2:$A$115,0), MATCH(M19,'能力値その他'!$C$1:$AD$1,0)-1)<=13),"th",CHOOSE(MIN(5,RIGHT(INDEX('能力値その他'!$C$2:$AD$115, MATCH($A$1,'能力値その他'!$A$2:$A$115,0), MATCH(M19,'能力値その他'!$C$1:$AD$1,0)-1))+1),"th","st","nd","rd","th"))&"]")} -> 18 [10th]
A20: ='テンプレート'!A20 -> カベ張りつき | B20: FALSE | C20: 走行移行前F | D20: {=IF(INDEX('行動フレーム・能力値'!$C$2:$AD$115, MATCH($A$1,'行動フレーム・能力値'!$A$2:$A$115,0), MATCH(C20,'行動フレーム・能力値'!$C$1:$AD$1,0))="-", "-", INDEX('行動フレーム・能力値'!$C$2:$AD$115, MATCH($A$1,'行動フレーム・能力値'!$A$2:$A$115,0), MATCH(C20,'行動フレーム・能力値'!$C$1:$AD$1,0))&"F ["&INDEX('行動フレーム・能力値'!$C$2:$AD$115, MATCH($A$1,'行動フレーム・能力値'!$A$2:$A$115,0), MATCH(C20,'行動フレーム・能力値'!$C$1:$AD$1,0)-1)&IF(AND(INDEX('行動フレーム・能力値'!$C$2:$AD$115, MATCH($A$1,'行動フレーム・能力値'!$A$2:$A$115,0), MATCH(C20,'行動フレーム・能力値'!$C$1:$AD$1,0)-1)>=11, INDEX('行動フレーム・能力値'!$C$2:$AD$115, MATCH($A$1,'行動フレーム・能力値'!$A$2:$A$115,0), MATCH(C20,'行動フレーム・能力値'!$C$1:$AD$1,0)-1)<=13),"th",CHOOSE(MIN(5,RIGHT(INDEX('行動フレーム・能力値'!$C$2:$AD$115, MATCH($A$1,'行動フレーム・能力値'!$A$2:$A$115,0), MATCH(C20,'行動フレーム・能力値'!$C$1:$AD$1,0)-1))+1),"th","st","nd","rd","th"))&"]")} -> 10F [5th] | E20: ='テンプレート'!E20 -> 空中速度 | F20: {=IF(INDEX('行動フレーム・能力値'!$C$2:$AD$115, MATCH($A$1,'行動フレーム・能力値'!$A$2:$A$115,0), MATCH(E20,'行動フレーム・能力値'!$C$1:$AD$1,0))="-", "-", INDEX('行動フレーム・能力値'!$C$2:$AD$115, MATCH($A$1,'行動フレーム・能力値'!$A$2:$A$115,0), MATCH(E20,'行動フレーム・能力値'!$C$1:$AD$1,0))&" ["&INDEX('行動フレーム・能力値'!$C$2:$AD$115, MATCH($A$1,'行動フレーム・能力値'!$A$2:$A$115,0), MATCH(E20,'行動フレーム・能力値'!$C$1:$AD$1,0)-1)&IF(AND(INDEX('行動フレーム・能力値'!$C$2:$AD$115, MATCH($A$1,'行動フレーム・能力値'!$A$2:$A$115,0), MATCH(E20,'行動フレーム・能力値'!$C$1:$AD$1,0)-1)>=11, INDEX('行動フレーム・能力値'!$C$2:$AD$115, MATCH($A$1,'行動フレーム・能力値'!$A$2:$A$115,0), MATCH(E20,'行動フレーム・能力値'!$C$1:$AD$1,0)-1)<=13),"th",CHOOSE(MIN(5,RIGHT(INDEX('行動フレーム・能力値'!$C$2:$AD$115, MATCH($A$1,'行動フレーム・能力値'!$A$2:$A$115,0), MATCH(E20,'行動フレーム・能力値'!$C$1:$AD$1,0)-1))+1),"th","st","nd","rd","th"))&"]")} -> 1.103 [34th] | G20: ='テンプレート'!G20 -> 大J急降下滞空 | H20: {=IF(INDEX('行動フレーム・能力値'!$C$2:$AD$115, MATCH($A$1,'行動フレーム・能力値'!$A$2:$A$115,0), MATCH(G20,'行動フレーム・能力値'!$C$1:$AD$1,0))="-", "-", INDEX('行動フレーム・能力値'!$C$2:$AD$115, MATCH($A$1,'行動フレーム・能力値'!$A$2:$A$115,0), MATCH(G20,'行動フレーム・能力値'!$C$1:$AD$1,0))&"F")} -> 43F | K20: ='テンプレート'!K20 -> 空中加速 | L20: {=IF(INDEX('能力値その他'!$C$2:$AD$115, MATCH($A$1,'能力値その他'!$A$2:$A$115,0), MATCH(K20,'能力値その他'!$C$1:$AD$1,0))="-", "-", INDEX('能力値その他'!$C$2:$AD$115, MATCH($A$1,'能力値その他'!$A$2:$A$115,0), MATCH(K20,'能力値その他'!$C$1:$AD$1,0))&" ["&INDEX('能力値その他'!$C$2:$AD$115, MATCH($A$1,'能力値その他'!$A$2:$A$115,0), MATCH(K20,'能力値その他'!$C$1:$AD$1,0)-1)&IF(AND(INDEX('能力値その他'!$C$2:$AD$115, MATCH($A$1,'能力値その他'!$A$2:$A$115,0), MATCH(K20,'能力値その他'!$C$1:$AD$1,0)-1)>=11, INDEX('能力値その他'!$C$2:$AD$115, MATCH($A$1,'能力値その他'!$A$2:$A$115,0), MATCH(K20,'能力値その他'!$C$1:$AD$1,0)-1)<=13),"th",CHOOSE(MIN(5,RIGHT(INDEX('能力値その他'!$C$2:$AD$115, MATCH($A$1,'能力値その他'!$A$2:$A$115,0), MATCH(K20,'能力値その他'!$C$1:$AD$1,0)-1))+1),"th","st","nd","rd","th"))&"]")} -> 0.09 [21st] | M20: ='テンプレート'!M20 -> 空中J高度 | N20: {=IF(INDEX('能力値その他'!$C$2:$AD$115, MATCH($A$1,'能力値その他'!$A$2:$A$115,0), MATCH(M20,'能力値その他'!$C$1:$AD$1,0))="-", "-", INDEX('能力値その他'!$C$2:$AD$115, MATCH($A$1,'能力値その他'!$A$2:$A$115,0), MATCH(M20,'能力値その他'!$C$1:$AD$1,0))&" ["&INDEX('能力値その他'!$C$2:$AD$115, MATCH($A$1,'能力値その他'!$A$2:$A$115,0), MATCH(M20,'能力値その他'!$C$1:$AD$1,0)-1)&IF(AND(INDEX('能力値その他'!$C$2:$AD$115, MATCH($A$1,'能力値その他'!$A$2:$A$115,0), MATCH(M20,'能力値その他'!$C$1:$AD$1,0)-1)>=11, INDEX('能力値その他'!$C$2:$AD$115, MATCH($A$1,'能力値その他'!$A$2:$A$115,0), MATCH(M20,'能力値その他'!$C$1:$AD$1,0)-1)<=13),"th",CHOOSE(MIN(5,RIGHT(INDEX('能力値その他'!$C$2:$AD$115, MATCH($A$1,'能力値その他'!$A$2:$A$115,0), MATCH(M20,'能力値その他'!$C$1:$AD$1,0)-1))+1),"th","st","nd","rd","th"))&"]")} -> 37 [19th]
A21: ='テンプレート'!A21 -> 空中ワイヤー | B21: TRUE | C21: ='テンプレート'!C21 -> ステップ全体F | D21: {=IF(INDEX('行動フレーム・能力値'!$C$2:$AD$115, MATCH($A$1,'行動フレーム・能力値'!$A$2:$A$115,0), MATCH(C21,'行動フレーム・能力値'!$C$1:$AD$1,0))="-", "-", INDEX('行動フレーム・能力値'!$C$2:$AD$115, MATCH($A$1,'行動フレーム・能力値'!$A$2:$A$115,0), MATCH(C21,'行動フレーム・能力値'!$C$1:$AD$1,0))&"F ["&INDEX('行動フレーム・能力値'!$C$2:$AD$115, MATCH($A$1,'行動フレーム・能力値'!$A$2:$A$115,0), MATCH(C21,'行動フレーム・能力値'!$C$1:$AD$1,0)-1)&IF(AND(INDEX('行動フレーム・能力値'!$C$2:$AD$115, MATCH($A$1,'行動フレーム・能力値'!$A$2:$A$115,0), MATCH(C21,'行動フレーム・能力値'!$C$1:$AD$1,0)-1)>=11, INDEX('行動フレーム・能力値'!$C$2:$AD$115, MATCH($A$1,'行動フレーム・能力値'!$A$2:$A$115,0), MATCH(C21,'行動フレーム・能力値'!$C$1:$AD$1,0)-1)<=13),"th",CHOOSE(MIN(5,RIGHT(INDEX('行動フレーム・能力値'!$C$2:$AD$115, MATCH($A$1,'行動フレーム・能力値'!$A$2:$A$115,0), MATCH(C21,'行動フレーム・能力値'!$C$1:$AD$1,0)-1))+1),"th","st","nd","rd","th"))&"]")} -> 19F [13th] | E21: ='テンプレート'!E21 -> 落下速度 | F21: {=IF(INDEX('行動フレーム・能力値'!$C$2:$AD$115, MATCH($A$1,'行動フレーム・能力値'!$A$2:$A$115,0), MATCH(E21,'行動フレーム・能力値'!$C$1:$AD$1,0))="-", "-", INDEX('行動フレーム・能力値'!$C$2:$AD$115, MATCH($A$1,'行動フレーム・能力値'!$A$2:$A$115,0), MATCH(E21,'行動フレーム・能力値'!$C$1:$AD$1,0))&" ["&INDEX('行動フレーム・能力値'!$C$2:$AD$115, MATCH($A$1,'行動フレーム・能力値'!$A$2:$A$115,0), MATCH(E21,'行動フレーム・能力値'!$C$1:$AD$1,0)-1)&IF(AND(INDEX('行動フレーム・能力値'!$C$2:$AD$115, MATCH($A$1,'行動フレーム・能力値'!$A$2:$A$115,0), MATCH(E21,'行動フレーム・能力値'!$C$1:$AD$1,0)-1)>=11, INDEX('行動フレーム・能力値'!$C$2:$AD$115, MATCH($A$1,'行動フレーム・能力値'!$A$2:$A$115,0), MATCH(E21,'行動フレーム・能力値'!$C$1:$AD$1,0)-1)<=13),"th",CHOOSE(MIN(5,RIGHT(INDEX('行動フレーム・能力値'!$C$2:$AD$115, MATCH($A$1,'行動フレーム・能力値'!$A$2:$A$115,0), MATCH(E21,'行動フレーム・能力値'!$C$1:$AD$1,0)-1))+1),"th","st","nd","rd","th"))&"]")} -> 1.33 [75th] | K21: ='テンプレート'!K21 -> 空中抵抗 | L21: {=IF(INDEX('能力値その他'!$C$2:$AD$115, MATCH($A$1,'能力値その他'!$A$2:$A$115,0), MATCH(K21,'能力値その他'!$C$1:$AD$1,0))="-", "-", INDEX('能力値その他'!$C$2:$AD$115, MATCH($A$1,'能力値その他'!$A$2:$A$115,0), MATCH(K21,'能力値その他'!$C$1:$AD$1,0))&" ["&INDEX('能力値その他'!$C$2:$AD$115, MATCH($A$1,'能力値その他'!$A$2:$A$115,0), MATCH(K21,'能力値その他'!$C$1:$AD$1,0)-1)&IF(AND(INDEX('能力値その他'!$C$2:$AD$115, MATCH($A$1,'能力値その他'!$A$2:$A$115,0), MATCH(K21,'能力値その他'!$C$1:$AD$1,0)-1)>=11, INDEX('能力値その他'!$C$2:$AD$115, MATCH($A$1,'能力値その他'!$A$2:$A$115,0), MATCH(K21,'能力値その他'!$C$1:$AD$1,0)-1)<=13),"th",CHOOSE(MIN(5,RIGHT(INDEX('能力値その他'!$C$2:$AD$115, MATCH($A$1,'能力値その他'!$A$2:$A$115,0), MATCH(K21,'能力値その他'!$C$1:$AD$1,0)-1))+1),"th","st","nd","rd","th"))&"]")} -> 0.0075 [67th]
E22: ='テンプレート'!E22 -> 急降下速度 | F22: {=IF(INDEX('行動フレーム・能力値'!$C$2:$AD$115, MATCH($A$1,'行動フレーム・能力値'!$A$2:$A$115,0), MATCH(E22,'行動フレーム・能力値'!$C$1:$AD$1,0))="-", "-", INDEX('行動フレーム・能力値'!$C$2:$AD$115, MATCH($A$1,'行動フレーム・能力値'!$A$2:$A$115,0), MATCH(E22,'行動フレーム・能力値'!$C$1:$AD$1,0))&" ["&INDEX('行動フレーム・能力値'!$C$2:$AD$115, MATCH($A$1,'行動フレーム・能力値'!$A$2:$A$115,0), MATCH(E22,'行動フレーム・能力値'!$C$1:$AD$1,0)-1)&IF(AND(INDEX('行動フレーム・能力値'!$C$2:$AD$115, MATCH($A$1,'行動フレーム・能力値'!$A$2:$A$115,0), MATCH(E22,'行動フレーム・能力値'!$C$1:$AD$1,0)-1)>=11, INDEX('行動フレーム・能力値'!$C$2:$AD$115, MATCH($A$1,'行動フレーム・能力値'!$A$2:$A$115,0), MATCH(E22,'行動フレーム・能力値'!$C$1:$AD$1,0)-1)<=13),"th",CHOOSE(MIN(5,RIGHT(INDEX('行動フレーム・能力値'!$C$2:$AD$115, MATCH($A$1,'行動フレーム・能力値'!$A$2:$A$115,0), MATCH(E22,'行動フレーム・能力値'!$C$1:$AD$1,0)-1))+1),"th","st","nd","rd","th"))&"]")} -> 2.128 [75th] | K22: ='テンプレート'!K22 -> 重力 | L22: {=IF(INDEX('能力値その他'!$C$2:$AD$115, MATCH($A$1,'能力値その他'!$A$2:$A$115,0), MATCH(K22,'能力値その他'!$C$1:$AD$1,0))="-", "-", INDEX('能力値その他'!$C$2:$AD$115, MATCH($A$1,'能力値その他'!$A$2:$A$115,0), MATCH(K22,'能力値その他'!$C$1:$AD$1,0))&" ["&INDEX('能力値その他'!$C$2:$AD$115, MATCH($A$1,'能力値その他'!$A$2:$A$115,0), MATCH(K22,'能力値その他'!$C$1:$AD$1,0)-1)&IF(AND(INDEX('能力値その他'!$C$2:$AD$115, MATCH($A$1,'能力値その他'!$A$2:$A$115,0), MATCH(K22,'能力値その他'!$C$1:$AD$1,0)-1)>=11, INDEX('能力値その他'!$C$2:$AD$115, MATCH($A$1,'能力値その他'!$A$2:$A$115,0), MATCH(K22,'能力値その他'!$C$1:$AD$1,0)-1)<=13),"th",CHOOSE(MIN(5,RIGHT(INDEX('能力値その他'!$C$2:$AD$115, MATCH($A$1,'能力値その他'!$A$2:$A$115,0), MATCH(K22,'能力値その他'!$C$1:$AD$1,0)-1))+1),"th","st","nd","rd","th"))&"]")} -> 0.075 [75th]
A24: 地上攻撃
C25: 判定持続 | D25: 全体フレーム | E25: 基礎ダメージ | F25: ダメージ (1v1) | G25: ガード硬直 | H25: 備考 | K25: ='テンプレート'!K25 -> ベクトル | L25: ='テンプレート'!L25 -> KBG (R.E.) | M25: ='テンプレート'!M25 -> BKB (R.A.) | N25: ='テンプレート'!N25 -> FKB (R.F.) | O25: ='テンプレート'!O25 -> 盾削り値 | P25: ='テンプレート'!P25 -> ﾋｯﾄｽﾄｯﾌﾟ | Q25: ='テンプレート'!Q25 -> ずらし | U25: 慣性消去
A26: 弱攻撃 | B26: 弱1 | C26: 3-4 | D26: 17 | E26: 3 | F26: 3.6 | G26: 4F | H26: 15-30Fは弱2に移行可能。 | O26: 0 | P26: 1 | Q26: 1 | U26: 1F
B27: 弱2 | C27: 6-9 | D27: 29 | E27: 8 | F27: 9.6 | G27: 8F | O27: 0 | P27: 1 | Q27: 1 | U27: -
A28: ダッシュ攻撃 | B28: 始 | C28: 8-9 | D28: 41 | E28: 10 | F28: 12 | G28: 7F | O28: 0 | P28: 1 | Q28: 1 | U28: 1F
C29: 10-13 | E29: 10 | F29: 12 | G29: 7F | O29: 0 | P29: 1 | Q29: 1
B30: 持続 | C30: 14-18 | E30: 6 | F30: 7.2 | G30: 6F | O30: 0 | P30: 1 | Q30: 1
A31: 横強 | B31: 無シフト | C31: 8-10 | D31: 33 | E31: 9/10/11 | F31: 10.8/12/13.2 | G31: 9F/10F/10F | O31: 0 | P31: 1 | Q31: 1 | U31: 1F(*)
B32: 上シフト | E32: 8/9/10 | F32: 9.6/10.8/12 | G32: 8F/9F/10F | O32: 0 | P32: 1 | Q32: 1
B33: 下シフト | E33: 9/10/11 | F33: 10.8/12/13.2 | G33: 9F/10F/10F | O33: 0 | P33: 1 | Q33: 1
A34: 上強 | B34: 対地 | C34: 15-18 | D34: 39 | E34: 13 | F34: 15.6 | G34: 12F | O34: 0 | P34: 1 | Q34: 1 | U34: 1F
B35: 対空 | E35: 12 | F35: 14.4
A36: 下強 | C36: 6-8 | D36: 44 | E36: 12 | F36: 14.4 | G36: 11F | O36: 0 | P36: 1 | Q36: 1 | U36: 1F
A37: 横スマッシュ | B37: 上シフト | C37: 10-11 | D37: 48 | E37: 13/13/15 | F37: 15.6/15.6/18 | G37: 9F/9F/10F | H37: 溜め開始：4F目 | O37: 0 | P37: 1 | Q37: 1 | U37: なし
B38: 無シフト | E38: 12/12/14 | F38: 14.4/14.4/16.8 | G38: 10F10F/12F | O38: 0 | P38: 1 | Q38: 1
B39: 下シフト | E39: 11/11/13.5 | F39: 13.2/13.2/16.2 | G39: 8F/8F/9F | O39: 0 | P39: 1 | Q39: 1
A40: 上スマッシュ | B40: Hit 1 | C40: 11-12 | D40: 56 | E40: 3 | F40: 3.6 | G40: 3F | H40: 溜め開始：7F目 | O40: 0 | P40: 1 | Q40: 0.8 | U40: 8F
B41: Hit 2 | C41: 15-16 | E41: 3 | F41: 3.6 | G41: 3F | O41: 0 | P41: 1 | Q41: 0.8
B42: Hit 3 | C42: 19-20 | E42: 3 | F42: 3.6 | G42: 3F | O42: 0 | P42: 1 | Q42: 0.8
B43: Hit 4 | C43: 23-24 | E43: 3 | F43: 3.6 | G43: 3F | O43: 0 | P43: 1 | Q43: 0.8
B44: Hit 5 | C44: 27-28 | E44: 6 | F44: 7.2 | G44: 5F | O44: 0 | P44: 1 | Q44: 0.8
A45: 下スマッシュ | B45: Hit 1 | C45: 9-10 | D45: 44 | E45: 10 | F45: 12 | G45: 7F | H45: 溜め開始：4F目 | O45: 0 | P45: 1 | Q45: 1 | U45: なし
B46: Hit 2 | C46: 17-18 | E46: 12 | F46: 14.4 | G46: 8F | O46: 0 | P46: 1 | Q46: 1
A48: 空中攻撃
C49: 判定持続 | D49: 全体フレーム | E49: 基礎ダメージ | F49: ダメージ (1v1) | G49: ダメ (1v1+小J) | H49: ガード硬直 | I49: ='テンプレート'!I56 -> 着地隙 | J49: 着地隙発生F | K49: ='テンプレート'!K56 -> ベクトル | L49: ='テンプレート'!L56 -> KBG (R.E.) | M49: ='テンプレート'!M56 -> BKB (R.A.) | N49: ='テンプレート'!N56 -> FKB (R.F.) | O49: ='テンプレート'!O56 -> 盾削り値 | P49: ='テンプレート'!P56 -> ﾋｯﾄｽﾄｯﾌﾟ | Q49: ='テンプレート'!Q56 -> ずらし | R49: ='テンプレート'!R56 -> 備考
A50: 空N | B50: Hit 1 | C50: 8-11 | D50: 45 | E50: 10 | F50: 12 | G50: 10.2 | H50: 4F | I50: {=INDEX('空中攻撃'!$O$3:$AA$109, MATCH($A$1,'空中攻撃'!$A$3:$A$109,0), MATCH(A50,'空中攻撃'!$O$2:$S$2,0))} -> 9 | J50: 8-34 | O50: 0 | P50: 1 | Q50: 1
B51: Hit 2 | C51: 14-15 | E51: 9 | F51: 10.8 | G51: 9.18 | H51: 4F | O51: 0 | P51: 1 | Q51: 1
B52: Hit 2, 持続 | C52: 16-22 | E52: 8 | F52: 9.6 | G52: 8.16 | H52: 4F | O52: 0 | P52: 1 | Q52: 1
A53: 空前 | B53: Hit 1 | C53: 6-7 | D53: 59 | E53: 3 | F53: 3.6 | G53: 3.06 | H53: 2F | I53: {=INDEX('空中攻撃'!$O$3:$AA$109, MATCH($A$1,'空中攻撃'!$A$3:$A$109,0), MATCH(A53,'空中攻撃'!$O$2:$S$2,0))} -> 14 | J53: 1-46 | O53: 0 | P53: 1 | Q53: 0.8
B54: Hit 2-4 | C54: 12-13, 18-19, 24-25 | E54: 1.6 | F54: 1.92 | G54: 1.632 | H54: 2F | O54: 0 | P54: 1 | Q54: 0.8
B55: Hit 5 | C55: 30-31 | E55: 5 | F55: 6 | G55: 5.1 | H55: 3F | O55: 0 | P55: 2.2 | Q55: 1
A56: 空後 | C56: 9-10 | D56: 41 | E56: 12/14 | F56: 14.4/16.8 | G56: 12.24/14.28 | H56: 5F/5F | I56: {=INDEX('空中攻撃'!$O$3:$AA$109, MATCH($A$1,'空中攻撃'!$A$3:$A$109,0), MATCH(A56,'空中攻撃'!$O$2:$S$2,0))} -> 14 | J56: 9-41 | O56: 0 | P56: 1.1 | Q56: 1
B57: 持続 | C57: 11-14 | E57: 9 | F57: 10.8 | G57: 9.18 | H57: 4F | O57: 0 | P57: 1 | Q57: 1
A58: 空上 | B58: 始 | C58: 5 | D58: 39 | E58: 3 | F58: 3.6 | G58: 3.06 | H58: 2F | I58: {=INDEX('空中攻撃'!$O$3:$AA$109, MATCH($A$1,'空中攻撃'!$A$3:$A$109,0), MATCH(A58,'空中攻撃'!$O$2:$S$2,0))} -> 18 | J58: 3-33 | O58: 0 | P58: 1 | Q58: 1
B59: 連 | C59: 7-14 (Rehit: 3) | E59: 1.3 | F59: 1.56 | G59: 1.326 | H59: 2F | O59: 0 | P59: 1 | Q59: 1
B60: 〆 | C60: 16-17 | E60: 4 | F60: 4.8 | G60: 4.08 | H60: 3F | O60: 0 | P60: 1 | Q60: 1
A61: 空下 | B61: 始 | C61: 17-18 | D61: 48 | E61: 10 | F61: 12 | G61: 10.2 | H61: 4F | I61: {=INDEX('空中攻撃'!$O$3:$AA$109, MATCH($A$1,'空中攻撃'!$A$3:$A$109,0), MATCH(A61,'空中攻撃'!$O$2:$S$2,0))} -> 12 | J61: 4-33 | O61: 0 | P61: 1 | Q61: 1
B62: メテオ | C62: 19-21 | E62: 14 | F62: 16.8 | G62: 14.28 | H62: 5F | O62: 0 | P62: 1 | Q62: 1
B63: 持続 | C63: 22-23 | E63: 10 | F63: 12 | G63: 10.2 | H63: 4F | O63: 0 | P63: 1 | Q63: 1
A64: 空中ワイヤー | B64: Hit 1 | C64: 8-15 | D64: 59 | E64: 2.5 | F64: 3 | G64: 3 | H64: 4F | I64: 8 | O64: 0 | P64: 1 | Q64: 1 | R64: ワイヤーガケつかまり：2-5F
B65: Hit 2 | C65: 16-19 | E65: 4 | F65: 4.8 | G65: 4.8 | H65: 5F | O65: 0 | P65: 1 | Q65: 1
A67: 必殺ワザ
A68: NB (チャージショット) | C68: 判定持続 | D68: 全体フレーム | E68: 基礎ダメージ | F68: ダメージ (1v1) | G68: ガード硬直 | H68: 備考 | K68: ベクトル | L68: KBG (R.E.) | M68: BKB (R.A.) | N68: FKB (R.F.) | O68: 盾削り値 | P68: ﾋｯﾄｽﾄｯﾌﾟ | Q68: ずらし | R68: 相殺 | S68: 相殺ﾓｰｼｮﾝ | T68: 飛び道具 | U68: 慣性反転 | V68: 向き反転
A69: 地上 | B69: 溜め無し | C69: 16-74 | D69: 44 | E69: 5 | F69: 6 | G69: 3F | H69: 最大溜め：112F 溜め・キャンセル開始：14F目 溜め中からの最速発生は3F。 キャンセルは空中ジャンプのみ全体5F。 回避・シールド・地上ジャンプは全体4F。 盾削り値：-2.5 ~ -12 | O69: 0 | P69: 1 | Q69: 1 | R69: TRUE | T69: TRUE | U69: 5F目 | V69: TRUE
B70: 最大溜め | C70: 16-74 | D70: 60 | E70: 28 | F70: 33.6 | G70: 8F | O70: 3 | P70: 0.7 | Q70: 1 | R70: TRUE | T70: TRUE
A71: 空中 | B71: 溜め無し | C71: 16-74 | D71: 45 | E71: 5 | F71: 6 | G71: 3F
B72: 最大溜め | C72: 16-74 | D72: 45 | E72: 28 | F72: 33.6 | G72: 8F
A73: 横B (ミサイル) | C73: 判定持続 | D73: 全体フレーム | E73: 基礎ダメージ | F73: ダメージ (1v1) | G73: ガード硬直 | H73: 備考 | K73: ベクトル | L73: KBG (R.E.) | M73: BKB (R.A.) | N73: FKB (R.F.) | O73: 盾削り値 | P73: ﾋｯﾄｽﾄｯﾌﾟ | Q73: ずらし | R73: 相殺 | S73: 相殺ﾓｰｼｮﾝ | T73: 飛び道具 | U73: 慣性反転 | V73: 向き反転
A74: 地上 | B74: ホーミングミサイル | C74: 18-135 | D74: 54 | E74: 8 | F74: 9.6 | G74: 3F | H74: 4F目までに弾き入力でスーパーミサイル。 スーパーミサイルは47F目から加速。 | O74: 5 | P74: 1 | Q74: 1 | R74: TRUE | S74: FALSE | T74: TRUE | U74: FALSE | V74: TRUE
B75: スーパーミサイル | C75: 21-96 | D75: 57 | E75: 12 | F75: 14.4 | G75: 4F
A76: 空中 | B76: ホーミングミサイル | C76: 18-135 | D76: 59 | E76: 8 | F76: 9.6 | G76: 3F
B77: スーパーミサイル | C77: 21-96 | D77: 61 | E77: 12 | F77: 14.4 | G77: 4F | O77: 10 | P77: 1 | Q77: 1 | R77: TRUE | S77: FALSE | T77: TRUE
A78: 上B (スクリューアタック) | C78: 判定持続 | D78: 全体フレーム | E78: 基礎ダメージ | F78: ダメージ (1v1) | G78: ガード硬直 | H78: 備考 | K78: ベクトル | L78: KBG (R.E.) | M78: BKB (R.A.) | N78: FKB (R.F.) | O78: 盾削り値 | P78: ﾋｯﾄｽﾄｯﾌﾟ | Q78: ずらし | R78: 相殺 | S78: 相殺ﾓｰｼｮﾝ | T78: 飛び道具 | U78: 慣性反転 | V78: 向き反転
A79: 地上 | B79: 始 | C79: 4-6 | E79: 3 | F79: 3.6 | G79: 4F | H79: 全身無敵：3-6F (地上) 全身無敵：3-4F (空中) 着地隙：24F ガケつかまり(前)：6F目以降 ガケつかまり(前後)：30F目以降 | O79: 3 | P79: 1 | Q79: 0.5 | R79: TRUE | S79: TRUE | U79: 5F目 | V79: TRUE
B80: 連1 | C80: 7-11 (Rehit: 3) | E80: 1 | F80: 1.2 | O80: 3 | P80: 1 | Q80: 0.2 | R80: TRUE
B81: 連2 | C81: 12-14 (Rehit: 3) | E81: 1 | F81: 1.2 | R81: FALSE | S81: FALSE | T81: FALSE
B82: 連3 | C82: 15-24 (Rehit: 3) | E82: 1 | F82: 1.2 | R82: FALSE | S82: FALSE | T82: FALSE
B83: 〆 | C83: 25-26 | E83: 2 | F83: 2.4 | O83: 3 | P83: 2 | Q83: 1 | R83: TRUE | S83: FALSE
A84: 空中 | B84: 連1 | C84: 5-10 (Rehit: 2) | E84: 1 | F84: 1.2 | G84: 2F | O84: 3 | P84: 1 | Q84: 1/1/0.5 | R84: TRUE | S84: FALSE
B85: 連2 | C85: 11-26 (Rehit: 2) | E85: 1 | F85: 1.2 | G85: 2F | R85: FALSE | S85: FALSE | T85: FALSE
B86: 〆 | C86: 27-28 | E86: 1 | F86: 1.2 | G86: 2F | O86: 3 | P86: 2 | Q86: 1 | R86: TRUE | S86: FALSE
A87: 下B (ボム) | C87: 判定持続 | D87: 全体フレーム | E87: 基礎ダメージ | F87: ダメージ (1v1) | G87: ガード硬直 | H87: 備考 | K87: ベクトル | L87: KBG (R.E.) | M87: BKB (R.A.) | N87: FKB (R.F.) | O87: 盾削り値 | P87: ﾋｯﾄｽﾄｯﾌﾟ | Q87: ずらし | R87: 相殺 | S87: 相殺ﾓｰｼｮﾝ | T87: 飛び道具 | U87: 慣性反転 | V87: 向き反転
A88: 地上・空中 | B88: ボム, 地上 | C88: 33-80 | D88: 47 | E88: 4 | F88: 4.8 | G88: 2F | O88: 6 | P88: 0.6 | Q88: 1 | R88: TRUE | S88: FALSE | T88: TRUE | U88: FALSE | V88: FALSE
B89: ボム, 空中 | C89: 33-80 | D89: 48 | E89: 4 | F89: 4.8 | G89: 2F
B90: 爆風 | C90: 1-18 | E90: 5 | F90: 6 | G90: 3F | O90: 6 | P90: 0.3 | Q90: 1 | R90: TRUE | S90: FALSE | T90: TRUE
B91: ボムジャンプ | D91: 48
A93: つかみ・投げ
C94: 判定持続 | D94: 全体フレーム | E94: 基礎ダメージ | F94: ダメージ (1v1)
A95: つかみ攻撃 | B95: つかみ攻撃 | C95: 1 | D95: 6 | E95: 1.3 | F95: 1.56
A96: つかみ | B96: その場 | C96: 15-22 15-17 | D96: 59
B97: ダッシュ | C97: 17-24 17-19 | D97: 67
B98: ふりむき | C98: 18-25 18-20 | D98: 62
A99: 投げ | C99: 判定持続 | D99: 全体フレーム | E99: 基礎ダメージ | F99: ダメージ (1v1) | G99: 備考 | K99: ='テンプレート'!K97 -> ベクトル | L99: ='テンプレート'!L97 -> KBG (R.E.) | M99: ='テンプレート'!M97 -> BKB (R.A.) | N99: ='テンプレート'!N97 -> FKB (R.F.) | O99: ='テンプレート'!O97 -> 盾削り値 | P99: ='テンプレート'!P97 -> ﾋｯﾄｽﾄｯﾌﾟ | Q99: ='テンプレート'!Q97 -> ずらし
A100: 前投げ | B100: 打撃 | D100: 41
B101: 投げ | C101: 16 | E101: 10 | F101: 12
A102: 後投げ | B102: 打撃 | D102: 49
B103: 投げ | C103: 12 | E103: 10 | F103: 12
A104: 上投げ | B104: 打撃 | C104: 15 | D104: 41 | E104: 5 | F104: 6 | O104: 0 | P104: 0 | Q104: 0
B105: 投げ | C105: 16 | E105: 7 | F105: 8.4
A106: 下投げ | B106: 打撃 | D106: 37
B107: 投げ | C107: 21 | E107: 8 | F107: 9.6
A109: 回避
C110: 無敵フレーム | D110: 無敵 (ペナ最大) | E110: 全体フレーム | F110: 全体 (ペナ最大)
A111: 地上回避 | B111: その場 | C111: {=INDEX('回避'!$C$3:$U$84, MATCH($A$1,'回避'!$A$3:$A$91,0), MATCH(C110,'回避'!$C$2:$F$2,0))} -> 3-17 | D111: {=INDEX('回避'!$C$3:$U$84, MATCH($A$1,'回避'!$A$3:$A$91,0), MATCH(D110,'回避'!$C$2:$F$2,0))} -> 6-17 | E111: {=INDEX('回避'!$C$3:$U$84, MATCH($A$1,'回避'!$A$3:$A$91,0), MATCH(E110,'回避'!$C$2:$F$2,0))} -> 26 (21) | F111: {=INDEX('回避'!$C$3:$U$84, MATCH($A$1,'回避'!$A$3:$A$91,0), MATCH(F110,'回避'!$C$2:$F$2,0))} -> 35 (28)
B112: 前方 | C112: {=INDEX('回避'!$G$3:$U$84, MATCH($A$1,'回避'!$A$3:$A$91,0), MATCH(C110,'回避'!$G$2:$J$2,0))} -> 4-18 | D112: {=INDEX('回避'!$G$3:$U$84, MATCH($A$1,'回避'!$A$3:$A$91,0), MATCH(D110,'回避'!$G$2:$J$2,0))} -> 8-16 | E112: {=INDEX('回避'!$G$3:$U$84, MATCH($A$1,'回避'!$A$3:$A$91,0), MATCH(E110,'回避'!$G$2:$J$2,0))} -> 31 | F112: {=INDEX('回避'!$G$3:$U$84, MATCH($A$1,'回避'!$A$3:$A$91,0), MATCH(F110,'回避'!$G$2:$J$2,0))} -> 41
B113: 後方 | C113: {=INDEX('回避'!$K$3:$U$84, MATCH($A$1,'回避'!$A$3:$A$91,0), MATCH(C110,'回避'!$K$2:$N$2,0))} -> 5-20 | D113: {=INDEX('回避'!$K$3:$U$84, MATCH($A$1,'回避'!$A$3:$A$91,0), MATCH(D110,'回避'!$K$2:$N$2,0))} -> 9-16 | E113: {=INDEX('回避'!$K$3:$U$84, MATCH($A$1,'回避'!$A$3:$A$91,0), MATCH(E110,'回避'!$K$2:$N$2,0))} -> 36 | F113: {=INDEX('回避'!$K$3:$U$84, MATCH($A$1,'回避'!$A$3:$A$91,0), MATCH(F110,'回避'!$K$2:$N$2,0))} -> 54
...

Sheet 5. ヨッシー
A1: 5 | C1: =IMAGE(VLOOKUP($A$1,Fighters!A2:AI114,12,FALSE),1) -> #REF!
A2: =VLOOKUP($A$1,Fighters!$A$2:$AI$81,6,FALSE) -> #00a920
A3: =VLOOKUP($A$1,Fighters!$A$2:$AI$81,14,FALSE) -> 5. ヨッシー
A4: =VLOOKUP($A$1,Fighters!$A$2:$AI$81,13,FALSE) -> 0
I6: 最終更新
H8: 44379.843
A15: ='テンプレート'!A15 -> 行動フレーム・能力値
C16: ='テンプレート'!C16 -> 行動フレーム | E16: ='テンプレート'!E16 -> 能力値 | G16: ='テンプレート'!G16 -> 滞空フレーム | K16: ='テンプレート'!K16 -> 能力値その他
A17: ='テンプレート'!A17 -> ジャンプ回数 | B17: 2回 | C17: ='テンプレート'!C17 -> ジャンプ踏切 | D17: {=IF(INDEX('行動フレーム・能力値'!$C$2:$AD$115, MATCH($A$1,'行動フレーム・能力値'!$A$2:$A$115,0), MATCH(C17,'行動フレーム・能力値'!$C$1:$AD$1,0))="-", "-", INDEX('行動フレーム・能力値'!$C$2:$AD$115, MATCH($A$1,'行動フレーム・能力値'!$A$2:$A$115,0), MATCH(C17,'行動フレーム・能力値'!$C$1:$AD$1,0))&"F")} -> 3F | E17: ='テンプレート'!E17 -> 体重 | F17: {=IF(INDEX('行動フレーム・能力値'!$C$2:$AD$115, MATCH($A$1,'行動フレーム・能力値'!$A$2:$A$115,0), MATCH(E17,'行動フレーム・能力値'!$C$1:$AD$1,0))="-", "-", INDEX('行動フレーム・能力値'!$C$2:$AD$115, MATCH($A$1,'行動フレーム・能力値'!$A$2:$A$115,0), MATCH(E17,'行動フレーム・能力値'!$C$1:$AD$1,0))&" ["&INDEX('行動フレーム・能力値'!$C$2:$AD$115, MATCH($A$1,'行動フレーム・能力値'!$A$2:$A$115,0), MATCH(E17,'行動フレーム・能力値'!$C$1:$AD$1,0)-1)&IF(AND(INDEX('行動フレーム・能力値'!$C$2:$AD$115, MATCH($A$1,'行動フレーム・能力値'!$A$2:$A$115,0), MATCH(E17,'行動フレーム・能力値'!$C$1:$AD$1,0)-1)>=11, INDEX('行動フレーム・能力値'!$C$2:$AD$115, MATCH($A$1,'行動フレーム・能力値'!$A$2:$A$115,0), MATCH(E17,'行動フレーム・能力値'!$C$1:$AD$1,0)-1)<=13),"th",CHOOSE(MIN(5,RIGHT(INDEX('行動フレーム・能力値'!$C$2:$AD$115, MATCH($A$1,'行動フレーム・能力値'!$A$2:$A$115,0), MATCH(E17,'行動フレーム・能力値'!$C$1:$AD$1,0)-1))+1),"th","st","nd","rd","th"))&"]")} -> 104 [22nd] | G17: ='テンプレート'!G17 -> 小J滞空 | H17: {=IF(INDEX('行動フレーム・能力値'!$C$2:$AD$115, MATCH($A$1,'行動フレーム・能力値'!$A$2:$A$115,0), MATCH(G17,'行動フレーム・能力値'!$C$1:$AD$1,0))="-", "-", INDEX('行動フレーム・能力値'!$C$2:$AD$115, MATCH($A$1,'行動フレーム・能力値'!$A$2:$A$115,0), MATCH(G17,'行動フレーム・能力値'!$C$1:$AD$1,0))&"F")} -> 38F | K17: ='テンプレート'!K17 -> ダッシュ初速 | L17: {=IF(INDEX('能力値その他'!$C$2:$AD$115, MATCH($A$1,'能力値その他'!$A$2:$A$115,0), MATCH(K17,'能力値その他'!$C$1:$AD$1,0))="-", "-", INDEX('能力値その他'!$C$2:$AD$115, MATCH($A$1,'能力値その他'!$A$2:$A$115,0), MATCH(K17,'能力値その他'!$C$1:$AD$1,0))&" ["&INDEX('能力値その他'!$C$2:$AD$115, MATCH($A$1,'能力値その他'!$A$2:$A$115,0), MATCH(K17,'能力値その他'!$C$1:$AD$1,0)-1)&IF(AND(INDEX('能力値その他'!$C$2:$AD$115, MATCH($A$1,'能力値その他'!$A$2:$A$115,0), MATCH(K17,'能力値その他'!$C$1:$AD$1,0)-1)>=11, INDEX('能力値その他'!$C$2:$AD$115, MATCH($A$1,'能力値その他'!$A$2:$A$115,0), MATCH(K17,'能力値その他'!$C$1:$AD$1,0)-1)<=13),"th",CHOOSE(MIN(5,RIGHT(INDEX('能力値その他'!$C$2:$AD$115, MATCH($A$1,'能力値その他'!$A$2:$A$115,0), MATCH(K17,'能力値その他'!$C$1:$AD$1,0)-1))+1),"th","st","nd","rd","th"))&"]")} -> 2.09 [18th] | M17: ='テンプレート'!M17 -> 大J初速 | N17: {=IF(INDEX('能力値その他'!$C$2:$AD$115, MATCH($A$1,'能力値その他'!$A$2:$A$115,0), MATCH(M17,'能力値その他'!$C$1:$AD$1,0))="-", "-", INDEX('能力値その他'!$C$2:$AD$115, MATCH($A$1,'能力値その他'!$A$2:$A$115,0), MATCH(M17,'能力値その他'!$C$1:$AD$1,0))&" ["&INDEX('能力値その他'!$C$2:$AD$115, MATCH($A$1,'能力値その他'!$A$2:$A$115,0), MATCH(M17,'能力値その他'!$C$1:$AD$1,0)-1)&IF(AND(INDEX('能力値その他'!$C$2:$AD$115, MATCH($A$1,'能力値その他'!$A$2:$A$115,0), MATCH(M17,'能力値その他'!$C$1:$AD$1,0)-1)>=11, INDEX('能力値その他'!$C$2:$AD$115, MATCH($A$1,'能力値その他'!$A$2:$A$115,0), MATCH(M17,'能力値その他'!$C$1:$AD$1,0)-1)<=13),"th",CHOOSE(MIN(5,RIGHT(INDEX('能力値その他'!$C$2:$AD$115, MATCH($A$1,'能力値その他'!$A$2:$A$115,0), MATCH(M17,'能力値その他'!$C$1:$AD$1,0)-1))+1),"th","st","nd","rd","th"))&"]")} -> -
A18: ='テンプレート'!A18 -> しゃがみ歩き | B18: TRUE | C18: ='テンプレート'!C18 -> 小着地 | D18: {=IF(INDEX('行動フレーム・能力値'!$C$2:$AD$115, MATCH($A$1,'行動フレーム・能力値'!$A$2:$A$115,0), MATCH(C18,'行動フレーム・能力値'!$C$1:$AD$1,0))="-", "-", INDEX('行動フレーム・能力値'!$C$2:$AD$115, MATCH($A$1,'行動フレーム・能力値'!$A$2:$A$115,0), MATCH(C18,'行動フレーム・能力値'!$C$1:$AD$1,0))&"F")} -> 2F | E18: ='テンプレート'!E18 -> 歩行速度 | F18: {=IF(INDEX('行動フレーム・能力値'!$C$2:$AD$115, MATCH($A$1,'行動フレーム・能力値'!$A$2:$A$115,0), MATCH(E18,'行動フレーム・能力値'!$C$1:$AD$1,0))="-", "-", INDEX('行動フレーム・能力値'!$C$2:$AD$115, MATCH($A$1,'行動フレーム・能力値'!$A$2:$A$115,0), MATCH(E18,'行動フレーム・能力値'!$C$1:$AD$1,0))&" ["&INDEX('行動フレーム・能力値'!$C$2:$AD$115, MATCH($A$1,'行動フレーム・能力値'!$A$2:$A$115,0), MATCH(E18,'行動フレーム・能力値'!$C$1:$AD$1,0)-1)&IF(AND(INDEX('行動フレーム・能力値'!$C$2:$AD$115, MATCH($A$1,'行動フレーム・能力値'!$A$2:$A$115,0), MATCH(E18,'行動フレーム・能力値'!$C$1:$AD$1,0)-1)>=11, INDEX('行動フレーム・能力値'!$C$2:$AD$115, MATCH($A$1,'行動フレーム・能力値'!$A$2:$A$115,0), MATCH(E18,'行動フレーム・能力値'!$C$1:$AD$1,0)-1)<=13),"th",CHOOSE(MIN(5,RIGHT(INDEX('行動フレーム・能力値'!$C$2:$AD$115, MATCH($A$1,'行動フレーム・能力値'!$A$2:$A$115,0), MATCH(E18,'行動フレーム・能力値'!$C$1:$AD$1,0)-1))+1),"th","st","nd","rd","th"))&"]")} -> 1.208 [27th] | G18: ='テンプレート'!G18 -> 大J滞空 | H18: {=IF(INDEX('行動フレーム・能力値'!$C$2:$AD$115, MATCH($A$1,'行動フレーム・能力値'!$A$2:$A$115,0), MATCH(G18,'行動フレーム・能力値'!$C$1:$AD$1,0))="-", "-", INDEX('行動フレーム・能力値'!$C$2:$AD$115, MATCH($A$1,'行動フレーム・能力値'!$A$2:$A$115,0), MATCH(G18,'行動フレーム・能力値'!$C$1:$AD$1,0))&"F")} -> 60F | K18: ='テンプレート'!K18 -> 走行加速 | L18: {=IF(INDEX('能力値その他'!$C$2:$AD$115, MATCH($A$1,'能力値その他'!$A$2:$A$115,0), MATCH(K18,'能力値その他'!$C$1:$AD$1,0))="-", "-", INDEX('能力値その他'!$C$2:$AD$115, MATCH($A$1,'能力値その他'!$A$2:$A$115,0), MATCH(K18,'能力値その他'!$C$1:$AD$1,0))&" ["&INDEX('能力値その他'!$C$2:$AD$115, MATCH($A$1,'能力値その他'!$A$2:$A$115,0), MATCH(K18,'能力値その他'!$C$1:$AD$1,0)-1)&IF(AND(INDEX('能力値その他'!$C$2:$AD$115, MATCH($A$1,'能力値その他'!$A$2:$A$115,0), MATCH(K18,'能力値その他'!$C$1:$AD$1,0)-1)>=11, INDEX('能力値その他'!$C$2:$AD$115, MATCH($A$1,'能力値その他'!$A$2:$A$115,0), MATCH(K18,'能力値その他'!$C$1:$AD$1,0)-1)<=13),"th",CHOOSE(MIN(5,RIGHT(INDEX('能力値その他'!$C$2:$AD$115, MATCH($A$1,'能力値その他'!$A$2:$A$115,0), MATCH(K18,'能力値その他'!$C$1:$AD$1,0)-1))+1),"th","st","nd","rd","th"))&"]")} -> 0.1342 [63rd] | M18: ='テンプレート'!M18 -> 大J高度 | N18: {=IF(INDEX('能力値その他'!$C$2:$AD$115, MATCH($A$1,'能力値その他'!$A$2:$A$115,0), MATCH(M18,'能力値その他'!$C$1:$AD$1,0))="-", "-", INDEX('能力値その他'!$C$2:$AD$115, MATCH($A$1,'能力値その他'!$A$2:$A$115,0), MATCH(M18,'能力値その他'!$C$1:$AD$1,0))&" ["&INDEX('能力値その他'!$C$2:$AD$115, MATCH($A$1,'能力値その他'!$A$2:$A$115,0), MATCH(M18,'能力値その他'!$C$1:$AD$1,0)-1)&IF(AND(INDEX('能力値その他'!$C$2:$AD$115, MATCH($A$1,'能力値その他'!$A$2:$A$115,0), MATCH(M18,'能力値その他'!$C$1:$AD$1,0)-1)>=11, INDEX('能力値その他'!$C$2:$AD$115, MATCH($A$1,'能力値その他'!$A$2:$A$115,0), MATCH(M18,'能力値その他'!$C$1:$AD$1,0)-1)<=13),"th",CHOOSE(MIN(5,RIGHT(INDEX('能力値その他'!$C$2:$AD$115, MATCH($A$1,'能力値その他'!$A$2:$A$115,0), MATCH(M18,'能力値その他'!$C$1:$AD$1,0)-1))+1),"th","st","nd","rd","th"))&"]")} -> 33.66 [33rd]
A19: ='テンプレート'!A19 -> カベジャンプ | B19: FALSE | C19: ='テンプレート'!C19 -> 大着地 | D19: {=IF(INDEX('行動フレーム・能力値'!$C$2:$AD$115, MATCH($A$1,'行動フレーム・能力値'!$A$2:$A$115,0), MATCH(C19,'行動フレーム・能力値'!$C$1:$AD$1,0))="-", "-", INDEX('行動フレーム・能力値'!$C$2:$AD$115, MATCH($A$1,'行動フレーム・能力値'!$A$2:$A$115,0), MATCH(C19,'行動フレーム・能力値'!$C$1:$AD$1,0))&"F")} -> 4F | E19: ='テンプレート'!E19 -> 走行速度 | F19: {=IF(INDEX('行動フレーム・能力値'!$C$2:$AD$115, MATCH($A$1,'行動フレーム・能力値'!$A$2:$A$115,0), MATCH(E19,'行動フレーム・能力値'!$C$1:$AD$1,0))="-", "-", INDEX('行動フレーム・能力値'!$C$2:$AD$115, MATCH($A$1,'行動フレーム・能力値'!$A$2:$A$115,0), MATCH(E19,'行動フレーム・能力値'!$C$1:$AD$1,0))&" ["&INDEX('行動フレーム・能力値'!$C$2:$AD$115, MATCH($A$1,'行動フレーム・能力値'!$A$2:$A$115,0), MATCH(E19,'行動フレーム・能力値'!$C$1:$AD$1,0)-1)&IF(AND(INDEX('行動フレーム・能力値'!$C$2:$AD$115, MATCH($A$1,'行動フレーム・能力値'!$A$2:$A$115,0), MATCH(E19,'行動フレーム・能力値'!$C$1:$AD$1,0)-1)>=11, INDEX('行動フレーム・能力値'!$C$2:$AD$115, MATCH($A$1,'行動フレーム・能力値'!$A$2:$A$115,0), MATCH(E19,'行動フレーム・能力値'!$C$1:$AD$1,0)-1)<=13),"th",CHOOSE(MIN(5,RIGHT(INDEX('行動フレーム・能力値'!$C$2:$AD$115, MATCH($A$1,'行動フレーム・能力値'!$A$2:$A$115,0), MATCH(E19,'行動フレーム・能力値'!$C$1:$AD$1,0)-1))+1),"th","st","nd","rd","th"))&"]")} -> 2.046 [19th] | G19: ='テンプレート'!G19 -> 小J急降下滞空 | H19: {=IF(INDEX('行動フレーム・能力値'!$C$2:$AD$115, MATCH($A$1,'行動フレーム・能力値'!$A$2:$A$115,0), MATCH(G19,'行動フレーム・能力値'!$C$1:$AD$1,0))="-", "-", INDEX('行動フレーム・能力値'!$C$2:$AD$115, MATCH($A$1,'行動フレーム・能力値'!$A$2:$A$115,0), MATCH(G19,'行動フレーム・能力値'!$C$1:$AD$1,0))&"F")} -> 26F | K19: ='テンプレート'!K19 -> 地上抵抗 | L19: {=IF(INDEX('能力値その他'!$C$2:$AD$115, MATCH($A$1,'能力値その他'!$A$2:$A$115,0), MATCH(K19,'能力値その他'!$C$1:$AD$1,0))="-", "-", INDEX('能力値その他'!$C$2:$AD$115, MATCH($A$1,'能力値その他'!$A$2:$A$115,0), MATCH(K19,'能力値その他'!$C$1:$AD$1,0))&" ["&INDEX('能力値その他'!$C$2:$AD$115, MATCH($A$1,'能力値その他'!$A$2:$A$115,0), MATCH(K19,'能力値その他'!$C$1:$AD$1,0)-1)&IF(AND(INDEX('能力値その他'!$C$2:$AD$115, MATCH($A$1,'能力値その他'!$A$2:$A$115,0), MATCH(K19,'能力値その他'!$C$1:$AD$1,0)-1)>=11, INDEX('能力値その他'!$C$2:$AD$115, MATCH($A$1,'能力値その他'!$A$2:$A$115,0), MATCH(K19,'能力値その他'!$C$1:$AD$1,0)-1)<=13),"th",CHOOSE(MIN(5,RIGHT(INDEX('能力値その他'!$C$2:$AD$115, MATCH($A$1,'能力値その他'!$A$2:$A$115,0), MATCH(K19,'能力値その他'!$C$1:$AD$1,0)-1))+1),"th","st","nd","rd","th"))&"]")} -> 0.105 [55th] | M19: ='テンプレート'!M19 -> 小J高度 | N19: {=IF(INDEX('能力値その他'!$C$2:$AD$115, MATCH($A$1,'能力値その他'!$A$2:$A$115,0), MATCH(M19,'能力値その他'!$C$1:$AD$1,0))="-", "-", INDEX('能力値その他'!$C$2:$AD$115, MATCH($A$1,'能力値その他'!$A$2:$A$115,0), MATCH(M19,'能力値その他'!$C$1:$AD$1,0))&" ["&INDEX('能力値その他'!$C$2:$AD$115, MATCH($A$1,'能力値その他'!$A$2:$A$115,0), MATCH(M19,'能力値その他'!$C$1:$AD$1,0)-1)&IF(AND(INDEX('能力値その他'!$C$2:$AD$115, MATCH($A$1,'能力値その他'!$A$2:$A$115,0), MATCH(M19,'能力値その他'!$C$1:$AD$1,0)-1)>=11, INDEX('能力値その他'!$C$2:$AD$115, MATCH($A$1,'能力値その他'!$A$2:$A$115,0), MATCH(M19,'能力値その他'!$C$1:$AD$1,0)-1)<=13),"th",CHOOSE(MIN(5,RIGHT(INDEX('能力値その他'!$C$2:$AD$115, MATCH($A$1,'能力値その他'!$A$2:$A$115,0), MATCH(M19,'能力値その他'!$C$1:$AD$1,0)-1))+1),"th","st","nd","rd","th"))&"]")} -> 16.26 [39th]
A20: ='テンプレート'!A20 -> カベ張りつき | B20: FALSE | C20: 走行移行前F | D20: {=IF(INDEX('行動フレーム・能力値'!$C$2:$AD$115, MATCH($A$1,'行動フレーム・能力値'!$A$2:$A$115,0), MATCH(C20,'行動フレーム・能力値'!$C$1:$AD$1,0))="-", "-", INDEX('行動フレーム・能力値'!$C$2:$AD$115, MATCH($A$1,'行動フレーム・能力値'!$A$2:$A$115,0), MATCH(C20,'行動フレーム・能力値'!$C$1:$AD$1,0))&"F ["&INDEX('行動フレーム・能力値'!$C$2:$AD$115, MATCH($A$1,'行動フレーム・能力値'!$A$2:$A$115,0), MATCH(C20,'行動フレーム・能力値'!$C$1:$AD$1,0)-1)&IF(AND(INDEX('行動フレーム・能力値'!$C$2:$AD$115, MATCH($A$1,'行動フレーム・能力値'!$A$2:$A$115,0), MATCH(C20,'行動フレーム・能力値'!$C$1:$AD$1,0)-1)>=11, INDEX('行動フレーム・能力値'!$C$2:$AD$115, MATCH($A$1,'行動フレーム・能力値'!$A$2:$A$115,0), MATCH(C20,'行動フレーム・能力値'!$C$1:$AD$1,0)-1)<=13),"th",CHOOSE(MIN(5,RIGHT(INDEX('行動フレーム・能力値'!$C$2:$AD$115, MATCH($A$1,'行動フレーム・能力値'!$A$2:$A$115,0), MATCH(C20,'行動フレーム・能力値'!$C$1:$AD$1,0)-1))+1),"th","st","nd","rd","th"))&"]")} -> 14F [79th] | E20: ='テンプレート'!E20 -> 空中速度 | F20: {=IF(INDEX('行動フレーム・能力値'!$C$2:$AD$115, MATCH($A$1,'行動フレーム・能力値'!$A$2:$A$115,0), MATCH(E20,'行動フレーム・能力値'!$C$1:$AD$1,0))="-", "-", INDEX('行動フレーム・能力値'!$C$2:$AD$115, MATCH($A$1,'行動フレーム・能力値'!$A$2:$A$115,0), MATCH(E20,'行動フレーム・能力値'!$C$1:$AD$1,0))&" ["&INDEX('行動フレーム・能力値'!$C$2:$AD$115, MATCH($A$1,'行動フレーム・能力値'!$A$2:$A$115,0), MATCH(E20,'行動フレーム・能力値'!$C$1:$AD$1,0)-1)&IF(AND(INDEX('行動フレーム・能力値'!$C$2:$AD$115, MATCH($A$1,'行動フレーム・能力値'!$A$2:$A$115,0), MATCH(E20,'行動フレーム・能力値'!$C$1:$AD$1,0)-1)>=11, INDEX('行動フレーム・能力値'!$C$2:$AD$115, MATCH($A$1,'行動フレーム・能力値'!$A$2:$A$115,0), MATCH(E20,'行動フレーム・能力値'!$C$1:$AD$1,0)-1)<=13),"th",CHOOSE(MIN(5,RIGHT(INDEX('行動フレーム・能力値'!$C$2:$AD$115, MATCH($A$1,'行動フレーム・能力値'!$A$2:$A$115,0), MATCH(E20,'行動フレーム・能力値'!$C$1:$AD$1,0)-1))+1),"th","st","nd","rd","th"))&"]")} -> 1.344 [1st] | G20: ='テンプレート'!G20 -> 大J急降下滞空 | H20: {=IF(INDEX('行動フレーム・能力値'!$C$2:$AD$115, MATCH($A$1,'行動フレーム・能力値'!$A$2:$A$115,0), MATCH(G20,'行動フレーム・能力値'!$C$1:$AD$1,0))="-", "-", INDEX('行動フレーム・能力値'!$C$2:$AD$115, MATCH($A$1,'行動フレーム・能力値'!$A$2:$A$115,0), MATCH(G20,'行動フレーム・能力値'!$C$1:$AD$1,0))&"F")} -> 42F | K20: ='テンプレート'!K20 -> 空中加速 | L20: {=IF(INDEX('能力値その他'!$C$2:$AD$115, MATCH($A$1,'能力値その他'!$A$2:$A$115,0), MATCH(K20,'能力値その他'!$C$1:$AD$1,0))="-", "-", INDEX('能力値その他'!$C$2:$AD$115, MATCH($A$1,'能力値その他'!$A$2:$A$115,0), MATCH(K20,'能力値その他'!$C$1:$AD$1,0))&" ["&INDEX('能力値その他'!$C$2:$AD$115, MATCH($A$1,'能力値その他'!$A$2:$A$115,0), MATCH(K20,'能力値その他'!$C$1:$AD$1,0)-1)&IF(AND(INDEX('能力値その他'!$C$2:$AD$115, MATCH($A$1,'能力値その他'!$A$2:$A$115,0), MATCH(K20,'能力値その他'!$C$1:$AD$1,0)-1)>=11, INDEX('能力値その他'!$C$2:$AD$115, MATCH($A$1,'能力値その他'!$A$2:$A$115,0), MATCH(K20,'能力値その他'!$C$1:$AD$1,0)-1)<=13),"th",CHOOSE(MIN(5,RIGHT(INDEX('能力値その他'!$C$2:$AD$115, MATCH($A$1,'能力値その他'!$A$2:$A$115,0), MATCH(K20,'能力値その他'!$C$1:$AD$1,0)-1))+1),"th","st","nd","rd","th"))&"]")} -> 0.06 [66th] | M20: ='テンプレート'!M20 -> 空中J高度 | N20: {=IF(INDEX('能力値その他'!$C$2:$AD$115, MATCH($A$1,'能力値その他'!$A$2:$A$115,0), MATCH(M20,'能力値その他'!$C$1:$AD$1,0))="-", "-", INDEX('能力値その他'!$C$2:$AD$115, MATCH($A$1,'能力値その他'!$A$2:$A$115,0), MATCH(M20,'能力値その他'!$C$1:$AD$1,0))&" ["&INDEX('能力値その他'!$C$2:$AD$115, MATCH($A$1,'能力値その他'!$A$2:$A$115,0), MATCH(M20,'能力値その他'!$C$1:$AD$1,0)-1)&IF(AND(INDEX('能力値その他'!$C$2:$AD$115, MATCH($A$1,'能力値その他'!$A$2:$A$115,0), MATCH(M20,'能力値その他'!$C$1:$AD$1,0)-1)>=11, INDEX('能力値その他'!$C$2:$AD$115, MATCH($A$1,'能力値その他'!$A$2:$A$115,0), MATCH(M20,'能力値その他'!$C$1:$AD$1,0)-1)<=13),"th",CHOOSE(MIN(5,RIGHT(INDEX('能力値その他'!$C$2:$AD$115, MATCH($A$1,'能力値その他'!$A$2:$A$115,0), MATCH(M20,'能力値その他'!$C$1:$AD$1,0)-1))+1),"th","st","nd","rd","th"))&"]")} -> 33.66 [39th]
A21: ='テンプレート'!A21 -> 空中ワイヤー | B21: FALSE | C21: ='テンプレート'!C21 -> ステップ全体F | D21: {=IF(INDEX('行動フレーム・能力値'!$C$2:$AD$115, MATCH($A$1,'行動フレーム・能力値'!$A$2:$A$115,0), MATCH(C21,'行動フレーム・能力値'!$C$1:$AD$1,0))="-", "-", INDEX('行動フレーム・能力値'!$C$2:$AD$115, MATCH($A$1,'行動フレーム・能力値'!$A$2:$A$115,0), MATCH(C21,'行動フレーム・能力値'!$C$1:$AD$1,0))&"F ["&INDEX('行動フレーム・能力値'!$C$2:$AD$115, MATCH($A$1,'行動フレーム・能力値'!$A$2:$A$115,0), MATCH(C21,'行動フレーム・能力値'!$C$1:$AD$1,0)-1)&IF(AND(INDEX('行動フレーム・能力値'!$C$2:$AD$115, MATCH($A$1,'行動フレーム・能力値'!$A$2:$A$115,0), MATCH(C21,'行動フレーム・能力値'!$C$1:$AD$1,0)-1)>=11, INDEX('行動フレーム・能力値'!$C$2:$AD$115, MATCH($A$1,'行動フレーム・能力値'!$A$2:$A$115,0), MATCH(C21,'行動フレーム・能力値'!$C$1:$AD$1,0)-1)<=13),"th",CHOOSE(MIN(5,RIGHT(INDEX('行動フレーム・能力値'!$C$2:$AD$115, MATCH($A$1,'行動フレーム・能力値'!$A$2:$A$115,0), MATCH(C21,'行動フレーム・能力値'!$C$1:$AD$1,0)-1))+1),"th","st","nd","rd","th"))&"]")} -> 19F [13th] | E21: ='テンプレート'!E21 -> 落下速度 | F21: {=IF(INDEX('行動フレーム・能力値'!$C$2:$AD$115, MATCH($A$1,'行動フレーム・能力値'!$A$2:$A$115,0), MATCH(E21,'行動フレーム・能力値'!$C$1:$AD$1,0))="-", "-", INDEX('行動フレーム・能力値'!$C$2:$AD$115, MATCH($A$1,'行動フレーム・能力値'!$A$2:$A$115,0), MATCH(E21,'行動フレーム・能力値'!$C$1:$AD$1,0))&" ["&INDEX('行動フレーム・能力値'!$C$2:$AD$115, MATCH($A$1,'行動フレーム・能力値'!$A$2:$A$115,0), MATCH(E21,'行動フレーム・能力値'!$C$1:$AD$1,0)-1)&IF(AND(INDEX('行動フレーム・能力値'!$C$2:$AD$115, MATCH($A$1,'行動フレーム・能力値'!$A$2:$A$115,0), MATCH(E21,'行動フレーム・能力値'!$C$1:$AD$1,0)-1)>=11, INDEX('行動フレーム・能力値'!$C$2:$AD$115, MATCH($A$1,'行動フレーム・能力値'!$A$2:$A$115,0), MATCH(E21,'行動フレーム・能力値'!$C$1:$AD$1,0)-1)<=13),"th",CHOOSE(MIN(5,RIGHT(INDEX('行動フレーム・能力値'!$C$2:$AD$115, MATCH($A$1,'行動フレーム・能力値'!$A$2:$A$115,0), MATCH(E21,'行動フレーム・能力値'!$C$1:$AD$1,0)-1))+1),"th","st","nd","rd","th"))&"]")} -> 1.29 [83rd] | K21: ='テンプレート'!K21 -> 空中抵抗 | L21: {=IF(INDEX('能力値その他'!$C$2:$AD$115, MATCH($A$1,'能力値その他'!$A$2:$A$115,0), MATCH(K21,'能力値その他'!$C$1:$AD$1,0))="-", "-", INDEX('能力値その他'!$C$2:$AD$115, MATCH($A$1,'能力値その他'!$A$2:$A$115,0), MATCH(K21,'能力値その他'!$C$1:$AD$1,0))&" ["&INDEX('能力値その他'!$C$2:$AD$115, MATCH($A$1,'能力値その他'!$A$2:$A$115,0), MATCH(K21,'能力値その他'!$C$1:$AD$1,0)-1)&IF(AND(INDEX('能力値その他'!$C$2:$AD$115, MATCH($A$1,'能力値その他'!$A$2:$A$115,0), MATCH(K21,'能力値その他'!$C$1:$AD$1,0)-1)>=11, INDEX('能力値その他'!$C$2:$AD$115, MATCH($A$1,'能力値その他'!$A$2:$A$115,0), MATCH(K21,'能力値その他'!$C$1:$AD$1,0)-1)<=13),"th",CHOOSE(MIN(5,RIGHT(INDEX('能力値その他'!$C$2:$AD$115, MATCH($A$1,'能力値その他'!$A$2:$A$115,0), MATCH(K21,'能力値その他'!$C$1:$AD$1,0)-1))+1),"th","st","nd","rd","th"))&"]")} -> 0.00375 [87th]
E22: ='テンプレート'!E22 -> 急降下速度 | F22: {=IF(INDEX('行動フレーム・能力値'!$C$2:$AD$115, MATCH($A$1,'行動フレーム・能力値'!$A$2:$A$115,0), MATCH(E22,'行動フレーム・能力値'!$C$1:$AD$1,0))="-", "-", INDEX('行動フレーム・能力値'!$C$2:$AD$115, MATCH($A$1,'行動フレーム・能力値'!$A$2:$A$115,0), MATCH(E22,'行動フレーム・能力値'!$C$1:$AD$1,0))&" ["&INDEX('行動フレーム・能力値'!$C$2:$AD$115, MATCH($A$1,'行動フレーム・能力値'!$A$2:$A$115,0), MATCH(E22,'行動フレーム・能力値'!$C$1:$AD$1,0)-1)&IF(AND(INDEX('行動フレーム・能力値'!$C$2:$AD$115, MATCH($A$1,'行動フレーム・能力値'!$A$2:$A$115,0), MATCH(E22,'行動フレーム・能力値'!$C$1:$AD$1,0)-1)>=11, INDEX('行動フレーム・能力値'!$C$2:$AD$115, MATCH($A$1,'行動フレーム・能力値'!$A$2:$A$115,0), MATCH(E22,'行動フレーム・能力値'!$C$1:$AD$1,0)-1)<=13),"th",CHOOSE(MIN(5,RIGHT(INDEX('行動フレーム・能力値'!$C$2:$AD$115, MATCH($A$1,'行動フレーム・能力値'!$A$2:$A$115,0), MATCH(E22,'行動フレーム・能力値'!$C$1:$AD$1,0)-1))+1),"th","st","nd","rd","th"))&"]")} -> 2.064 [83rd] | K22: ='テンプレート'!K22 -> 重力 | L22: {=IF(INDEX('能力値その他'!$C$2:$AD$115, MATCH($A$1,'能力値その他'!$A$2:$A$115,0), MATCH(K22,'能力値その他'!$C$1:$AD$1,0))="-", "-", INDEX('能力値その他'!$C$2:$AD$115, MATCH($A$1,'能力値その他'!$A$2:$A$115,0), MATCH(K22,'能力値その他'!$C$1:$AD$1,0))&" ["&INDEX('能力値その他'!$C$2:$AD$115, MATCH($A$1,'能力値その他'!$A$2:$A$115,0), MATCH(K22,'能力値その他'!$C$1:$AD$1,0)-1)&IF(AND(INDEX('能力値その他'!$C$2:$AD$115, MATCH($A$1,'能力値その他'!$A$2:$A$115,0), MATCH(K22,'能力値その他'!$C$1:$AD$1,0)-1)>=11, INDEX('能力値その他'!$C$2:$AD$115, MATCH($A$1,'能力値その他'!$A$2:$A$115,0), MATCH(K22,'能力値その他'!$C$1:$AD$1,0)-1)<=13),"th",CHOOSE(MIN(5,RIGHT(INDEX('能力値その他'!$C$2:$AD$115, MATCH($A$1,'能力値その他'!$A$2:$A$115,0), MATCH(K22,'能力値その他'!$C$1:$AD$1,0)-1))+1),"th","st","nd","rd","th"))&"]")} -> 0.096 [38th]
A24: 地上攻撃
C25: 判定持続 | D25: 全体フレーム | E25: 基礎ダメージ | F25: ダメージ (1v1) | G25: ガード硬直 | H25: 備考 | K25: ='テンプレート'!K25 -> ベクトル | L25: ='テンプレート'!L25 -> KBG (R.E.) | M25: ='テンプレート'!M25 -> BKB (R.A.) | N25: ='テンプレート'!N25 -> FKB (R.F.) | O25: ='テンプレート'!O25 -> 盾削り値 | P25: ='テンプレート'!P25 -> ﾋｯﾄｽﾄｯﾌﾟ | Q25: ='テンプレート'!Q25 -> ずらし | U25: 慣性消去
A26: 弱攻撃 | B26: 弱1 | C26: 3 | D26: 17 | E26: 3 | F26: 3.6 | G26: 4F | H26: 6-30Fは弱2に移行可能。 ボタン押しっぱなしでは16F目に移行。 | O26: 0 | P26: 1 | Q26: 1 | U26: なし
B27: 弱2 | C27: 3-4 | D27: 19 | E27: 4 | F27: 4.8 | G27: 5F | O27: 0 | P27: 1 | Q27: 1 | U27: -
A28: ダッシュ攻撃 | C28: 10-12 | D28: 40 | E28: 11 | F28: 13.2 | G28: 10F | O28: 0 | P28: 1 | Q28: 1 | U28: 1F
B29: 持続 | C29: 13-20 | E29: 8 | F29: 9.6 | G29: 8F | O29: 0 | P29: 1 | Q29: 1
A30: 横強 | B30: 全シフト | C30: 5-7 | D30: 29 | E30: 8 | F30: 9.6 | G30: 8F | O30: 0 | P30: 1 | Q30: 1 | U30: なし
A31: 上強 | C31: 8-15 | D31: 31 | E31: 7 | F31: 8.4 | G31: 7F | O31: 0 | P31: 1 | Q31: 1 | U31: なし
A32: 下強 | C32: 8-10 | D32: 23 | E32: 5/4.5/4 | F32: 6/5.4/4.8 | G32: 6F/5F/5F | H32: 転倒率：+30% (先端のみ) | O32: 0 | P32: 1 | Q32: 1 | U32: 1F
A33: 横スマッシュ | B33: 全シフト | C33: 14-16 | D33: 52 | E33: 15.5/14 | F33: 18.6/16.8 | G33: 10F/10F | H33: 頭無敵：12-16F 溜め開始：8F目 | O33: 0 | P33: 1 | Q33: 1 | U33: なし
A34: 上スマッシュ | C34: 11-13 | D34: 46 | E34: 14 | F34: 16.8 | G34: 10F | H34: 左足先無敵：11-13F 溜め開始：8F目 | O34: 0 | P34: 1 | Q34: 1 | U34: なし
B35: 持続 | C35: 14-16 | E35: 12 | F35: 14.4 | G35: 8F | O35: 0 | P35: 1 | Q35: 1
A36: 下スマッシュ | B36: Hit 1 | C36: 7-8 | D36: 49 | E36: 12/10 | F36: 14.4/12 | G36: 8F/7F | H36: 溜め開始：4F目 | O36: 0 | P36: 1 | Q36: 1 | U36: 1F
B37: Hit 2 | C37: 22-23 | E37: 12/10 | F37: 14.4/12 | G37: 8F/7F | O37: 0 | P37: 1 | Q37: 1
A39: 空中攻撃
C40: 判定持続 | D40: 全体フレーム | E40: 基礎ダメージ | F40: ダメージ (1v1) | G40: ダメ (1v1+小J) | H40: ガード硬直 | I40: ='テンプレート'!I56 -> 着地隙 | J40: 着地隙発生F | K40: ='テンプレート'!K56 -> ベクトル | L40: ='テンプレート'!L56 -> KBG (R.E.) | M40: ='テンプレート'!M56 -> BKB (R.A.) | N40: ='テンプレート'!N56 -> FKB (R.F.) | O40: ='テンプレート'!O56 -> 盾削り値 | P40: ='テンプレート'!P56 -> ﾋｯﾄｽﾄｯﾌﾟ | Q40: ='テンプレート'!Q56 -> ずらし | R40: ='テンプレート'!R56 -> 備考
A41: 空N | C41: 3-4 | D41: 44 | E41: 10 | F41: 12 | G41: 10.2 | H41: 4F | I41: {=INDEX('空中攻撃'!$O$3:$AA$109, MATCH($A$1,'空中攻撃'!$A$3:$A$109,0), MATCH(A41,'空中攻撃'!$O$2:$S$2,0))} -> 7 | J41: 3-37 | O41: 0 | P41: 1 | Q41: 1
B42: 持続1 | C42: 5-11 | E42: 7 | F42: 8.4 | G42: 7.14 | H42: 3F | O42: 0 | P42: 1 | Q42: 1
B43: 持続2 | C43: 12-25 | E43: 5 | F43: 6 | G43: 5.1 | H43: 3F | O43: 0 | P43: 1 | Q43: 1
A44: 空前 | C44: 16-20 | D44: 43 | E44: 15/14 | F44: 18/16.8 | G44: 15.3/14.28 | H44: 5F/5F | I44: {=INDEX('空中攻撃'!$O$3:$AA$109, MATCH($A$1,'空中攻撃'!$A$3:$A$109,0), MATCH(A44,'空中攻撃'!$O$2:$S$2,0))} -> 12 | J44: 4-39 | O44: 0 | P44: 1 | Q44: 1
A45: 空後 | B45: HIt 1 | C45: 11 | D45: 55 | E45: 3.5 | F45: 4.2 | G45: 3.57 | H45: 2F | I45: {=INDEX('空中攻撃'!$O$3:$AA$109, MATCH($A$1,'空中攻撃'!$A$3:$A$109,0), MATCH(A45,'空中攻撃'!$O$2:$S$2,0))} -> 11 | J45: 6-43 | O45: 0 | P45: 1 | Q45: 1
B46: Hit 2 | C46: 14 | E46: 3.5 | F46: 4.2 | G46: 3.57 | H46: 2F
B47: Hit 3 | C47: 18-19 | E47: 5.5 | F47: 6.6 | G47: 5.61 | H47: 3F | O47: 0 | P47: 1 | Q47: 1
A48: 空上 | C48: 5-6 | D48: 36 | E48: 12 | F48: 14.4 | G48: 12.24 | H48: 5F | I48: {=INDEX('空中攻撃'!$O$3:$AA$109, MATCH($A$1,'空中攻撃'!$A$3:$A$109,0), MATCH(A48,'空中攻撃'!$O$2:$S$2,0))} -> 8 | J48: 5-30 | O48: 0 | P48: 1 | Q48: 1
A49: 空下 | B49: Hit 1-6 | C49: 16, 18, 20, 22, 24, 26 | D49: 56 | E49: 2.3 | F49: 2.76 | G49: 2.346 | H49: 2F | I49: {=INDEX('空中攻撃'!$O$3:$AA$109, MATCH($A$1,'空中攻撃'!$A$3:$A$109,0), MATCH(A49,'空中攻撃'!$O$2:$S$2,0))} -> 17 | J49: 14-49 | O49: 0 | P49: 1 | Q49: 1
B50: Hit 7-12 | C50: 28, 30, 32, 34, 36, 38 | E50: 1.9 | F50: 2.28 | G50: 1.938 | H50: 2F | O50: 0 | P50: 1 | Q50: 1
B51: Hit 13 | C51: 41 | E51: 2.8 | F51: 3.36 | G51: 2.856 | H51: 2F | O51: 0 | P51: 1 | Q51: 1
B52: 着地, 対地のみ | C52: 1 | E52: 1 | F52: 1.2 | G52: 1.2 | H52: 2F | O52: 0 | P52: 1 | Q52: 1
A54: 必殺ワザ
A55: NB (たまご産み) | C55: 判定持続 | D55: 全体フレーム | E55: 基礎ダメージ | F55: ダメージ (1v1) | G55: ガード硬直 | H55: 備考 | K55: ベクトル | L55: KBG (R.E.) | M55: BKB (R.A.) | N55: FKB (R.F.) | O55: 盾削り値 | P55: ﾋｯﾄｽﾄｯﾌﾟ | Q55: ずらし | R55: 相殺 | S55: 相殺ﾓｰｼｮﾝ | T55: 飛び道具 | U55: 慣性反転 | V55: 向き反転
A56: 地上・空中 | B56: 失敗 | C56: 19-22 | D56: 41 | U56: 5F目 | V56: TRUE
B57: 成功 | C57: 43 | D57: 59 | E57: 7 | F57: 8.4 | H57: 全身無敵：29-51F
A58: 横B (ごろごろたまご) | C58: 判定持続 | D58: 全体フレーム | E58: 基礎ダメージ | F58: ダメージ (1v1) | G58: ガード硬直 | H58: 備考 | K58: ベクトル | L58: KBG (R.E.) | M58: BKB (R.A.) | N58: FKB (R.F.) | O58: 盾削り値 | P58: ﾋｯﾄｽﾄｯﾌﾟ | Q58: ずらし | R58: 相殺 | S58: 相殺ﾓｰｼｮﾝ | T58: 飛び道具 | U58: 慣性反転 | V58: 向き反転
A59: 地上・空中 | B59: 転がり | C59: 31-* (Rehit: 32) | E59: 10+ | F59: 12+ | G59: 10F+ | H59: ダメージは速度依存。 最大の全体フレームは239F。 | O59: 0 | P59: 1 | Q59: 1 | R59: TRUE | S59: FALSE | U59: 5F目 | V59: TRUE
B60: 解除 | D60: 39
A61: 上B (たまご投げ) | C61: 判定持続 | D61: 全体フレーム | E61: 基礎ダメージ | F61: ダメージ (1v1) | G61: ガード硬直 | H61: 備考 | K61: ベクトル | L61: KBG (R.E.) | M61: BKB (R.A.) | N61: FKB (R.F.) | O61: 盾削り値 | P61: ﾋｯﾄｽﾄｯﾌﾟ | Q61: ずらし | R61: 相殺 | S61: 相殺ﾓｰｼｮﾝ | T61: 飛び道具 | U61: 慣性反転 | V61: 向き反転
A62: 地上・空中 | C62: 16-61 | D62: 55 | E62: 6 | F62: 7.2 | G62: 3F | H62: ガケつかまり(前後)：22F目以降 | O62: 0 | P62: 1 | Q62: 1 | R62: TRUE | S62: FALSE | T62: TRUE | U62: 5F目 | V62: TRUE
B63: 炸裂 | C63: 1-3 | E63: 6 | F63: 7.2 | G63: 3F | R63: FALSE | S63: FALSE | T63: FALSE
A64: 下B (ヒップドロップ) | C64: 判定持続 | D64: 全体フレーム | E64: 基礎ダメージ | F64: ダメージ (1v1) | G64: ガード硬直 | H64: 備考 | K64: ベクトル | L64: KBG (R.E.) | M64: BKB (R.A.) | N64: FKB (R.F.) | O64: 盾削り値 | P64: ﾋｯﾄｽﾄｯﾌﾟ | Q64: ずらし | R64: 相殺 | S64: 相殺ﾓｰｼｮﾝ | T64: 飛び道具 | U64: 慣性反転 | V64: 向き反転
A65: 地上 | B65: Hit 1, 対地のみ | C65: 7 | D65: (77) | E65: 4 | F65: 4.8 | G65: 5F | H65: ガケつかまり(前後)：29F目以降 (地上) ガケつかまり(前後)：18F目以降 (空中) | O65: 0 | P65: 1 | Q65: 1 | R65: TRUE | S65: FALSE | U65: FALSE | V65: TRUE
B66: Hit 2 | C66: 27-* | E66: 15 | F66: 18 | G66: 14F | O66: 10 | P66: 1 | Q66: 1 | R66: TRUE | S66: FALSE
A67: 空中 | C67: 19-* | E67: 12 | F67: 14.4 | G67: 11F | O67: 10 | P67: 1 | Q67: 1 | R67: TRUE | S67: FALSE
A68: 地上・空中 | B68: 着地 | C68: 4-13 | D68: 39 | E68: 4 | F68: 4.8 | G68: 2F | O68: 6 | P68: 1 | Q68: 1 | R68: TRUE | S68: FALSE | T68: TRUE
A70: つかみ・投げ
C71: 判定持続 | D71: 全体フレーム | E71: 基礎ダメージ | F71: ダメージ (1v1)
A72: つかみ攻撃 | B72: つかみ攻撃 | C72: 1 | D72: 6 | E72: 1.3 | F72: 1.56
A73: つかみ | B73: その場 | C73: 14-21 14-15 | D73: 48
B74: ダッシュ | C74: 16-23 16-17 | D74: 56
B75: ふりむき | C75: 17-24 17-18 | D75: 51
A76: 投げ | C76: 判定持続 | D76: 全体フレーム | E76: 基礎ダメージ | F76: ダメージ (1v1) | G76: 備考 | K76: ='テンプレート'!K97 -> ベクトル | L76: ='テンプレート'!L97 -> KBG (R.E.) | M76: ='テンプレート'!M97 -> BKB (R.A.) | N76: ='テンプレート'!N97 -> FKB (R.F.) | O76: ='テンプレート'!O97 -> 盾削り値 | P76: ='テンプレート'!P97 -> ﾋｯﾄｽﾄｯﾌﾟ | Q76: ='テンプレート'!Q97 -> ずらし
A77: 前投げ | B77: 打撃 | D77: 39
B78: 投げ | C78: 15 | E78: 9 | F78: 10.8
A79: 後投げ | B79: 打撃 | D79: 43
B80: 投げ | C80: 20 | E80: 9 | F80: 10.8
A81: 上投げ | B81: 打撃 | D81: 43
B82: 投げ | C82: 13 | E82: 5 | F82: 6
A83: 下投げ | B83: 打撃 | D83: 43 | G83: 17F目から8F硬直。
B84: 投げ | C84: 18 | E84: 4 | F84: 4.8
A86: 回避
C87: 無敵フレーム | D87: 無敵 (ペナ最大) | E87: 全体フレーム | F87: 全体 (ペナ最大)
A88: 地上回避 | B88: その場 | C88: {=INDEX('回避'!$C$3:$U$84, MATCH($A$1,'回避'!$A$3:$A$91,0), MATCH(C87,'回避'!$C$2:$F$2,0))} -> 3-17 | D88: {=INDEX('回避'!$C$3:$U$84, MATCH($A$1,'回避'!$A$3:$A$91,0), MATCH(D87,'回避'!$C$2:$F$2,0))} -> 6-17 | E88: {=INDEX('回避'!$C$3:$U$84, MATCH($A$1,'回避'!$A$3:$A$91,0), MATCH(E87,'回避'!$C$2:$F$2,0))} -> 26 (21) | F88: {=INDEX('回避'!$C$3:$U$84, MATCH($A$1,'回避'!$A$3:$A$91,0), MATCH(F87,'回避'!$C$2:$F$2,0))} -> 35 (28)
B89: 前方 | C89: {=INDEX('回避'!$G$3:$U$84, MATCH($A$1,'回避'!$A$3:$A$91,0), MATCH(C87,'回避'!$G$2:$J$2,0))} -> 4-15 | D89: {=INDEX('回避'!$G$3:$U$84, MATCH($A$1,'回避'!$A$3:$A$91,0), MATCH(D87,'回避'!$G$2:$J$2,0))} -> 8-14 | E89: {=INDEX('回避'!$G$3:$U$84, MATCH($A$1,'回避'!$A$3:$A$91,0), MATCH(E87,'回避'!$G$2:$J$2,0))} -> 30 | F89: {=INDEX('回避'!$G$3:$U$84, MATCH($A$1,'回避'!$A$3:$A$91,0), MATCH(F87,'回避'!$G$2:$J$2,0))} -> 40
B90: 後方 | C90: {=INDEX('回避'!$K$3:$U$84, MATCH($A$1,'回避'!$A$3:$A$91,0), MATCH(C87,'回避'!$K$2:$N$2,0))} -> 5-16 | D90: {=INDEX('回避'!$K$3:$U$84, MATCH($A$1,'回避'!$A$3:$A$91,0), MATCH(D87,'回避'!$K$2:$N$2,0))} -> 9-14 | E90: {=INDEX('回避'!$K$3:$U$84, MATCH($A$1,'回避'!$A$3:$A$91,0), MATCH(E87,'回避'!$K$2:$N$2,0))} -> 35 | F90: {=INDEX('回避'!$K$3:$U$84, MATCH($A$1,'回避'!$A$3:$A$91,0), MATCH(F87,'回避'!$K$2:$N$2,0))} -> 53
A91: 空中回避 | B91: 通常 | C91: {=INDEX('回避'!$O$3:$U$84, MATCH($A$1,'回避'!$A$3:$A$91,0), MATCH(C87,'回避'!$O$2:$R$2,0))} -> 3-30 | D91: {=INDEX('回避'!$O$3:$U$84, MATCH($A$1,'回避'!$A$3:$A$91,0), MATCH(D87,'回避'!$O$2:$R$2,0))} -> 6-27 | E91: {=INDEX('回避'!$O$3:$U$84, MATCH($A$1,'回避'!$A$3:$A$91,0), MATCH(E87,'回避'!$O$2:$R$2,0))} -> 58
B92: 移動 | C92: {=INDEX('回避'!$S$3:$U$84, MATCH($A$1,'回避'!$A$3:$A$91,0), MATCH(C87,'回避'!$S$2:$U$2,0))} -> 3-21 | D92: {=INDEX('回避'!$S$3:$U$84, MATCH($A$1,'回避'!$A$3:$A$91,0), MATCH(D87,'回避'!$S$2:$U$2,0))} -> 6-20 | E92: {=INDEX('回避'!$S$3:$U$84, MATCH($A$1,'回避'!$A$3:$A$91,0), MATCH(E87,'回避'!$S$2:$U$2,0))} -> 真横：97 真上：130 真下：79
A94: 共通動作 (ガケ・受け身...)
C95: 無敵フレーム | D95: 全体フレーム | E95: 判定持続 | F95: 基礎ダメージ | G95: ダメージ (1v1) | K95: ='テンプレート'!K116 -> アイテム取得 | M95: ='テンプレート'!M116 -> 取得フレーム | N95: ='テンプレート'!N116 -> 全体フレーム
A96: ガケ行動 | B96: ガケつかまり | D96: {=INDEX('崖行動・受け身'!$C$3:$C100, MATCH($A$1,'崖行動・受け身'!$A$3:$A$115,0), MATCH(D95,'崖行動・受け身'!$C$2,0))} -> 19 | K96: ='テンプレート'!K117 -> 小アイテム | L96: ='テンプレート'!L117 -> その場 | M96: - | N96: 7
B97: その場 | C97: {=INDEX('崖行動・受け身'!$D$3:$E100, MATCH($A$1,'崖行動・受け身'!$A$3:$A$115,0), MATCH(C95,'崖行動・受け身'!$D$2:$E$2,0))} -> 1-31 | D97: {=INDEX('崖行動・受け身'!$D$3:$E100, MATCH($A$1,'崖行動・受け身'!$A$3:$A$115,0), MATCH(D95,'崖行動・受け身'!$D$2:$E$2,0))} -> 32 | L97: ='テンプレート'!L118 -> 歩き | M97: - | N97: 19
B98: 回避 | C98: {=INDEX('崖行動・受け身'!$F$3:$G$115, MATCH($A$1,'崖行動・受け身'!$A$3:$A$115,0), MATCH(C95,'崖行動・受け身'!$F$2:$G$2,0))} -> 1-26 | D98: {=INDEX('崖行動・受け身'!$F$3:$G$115, MATCH($A$1,'崖行動・受け身'!$A$3:$A$115,0), MATCH(D95,'崖行動・受け身'!$F$2:$G$2,0))} -> 45 | K98: ='テンプレート'!K119 -> アイテム投擲 | M98: ='テンプレート'!M119 -> 投擲フレーム | N98: ='テンプレート'!N119 -> 全体フレーム
B99: ジャンプ | C99: {=INDEX('崖行動・受け身'!$H$3:$I$115, MATCH($A$1,'崖行動・受け身'!$A$3:$A$115,0), MATCH(C95,'崖行動・受け身'!$H$2:$I$2,0))} -> 1-12 | D99: {=INDEX('崖行動・受け身'!$H$3:$I$115, MATCH($A$1,'崖行動・受け身'!$A$3:$A$115,0), MATCH(D95,'崖行動・受け身'!$H$2:$I$2,0))} -> 14 | K99: ='テンプレート'!K120 -> 地上投擲 | L99: ='テンプレート'!L120 -> 前投げ | M99: 8 | N99: 20
B100: 攻撃 | C100: {=INDEX('崖行動・受け身'!$J$3:$M$115, MATCH($A$1,'崖行動・受け身'!$A$3:$A$115,0), MATCH(C95,'崖行動・受け身'!$J$2:$M$2,0))} -> 1-23 | D100: {=INDEX('崖行動・受け身'!$J$3:$M$115, MATCH($A$1,'崖行動・受け身'!$A$3:$A$115,0), MATCH(D95,'崖行動・受け身'!$J$2:$M$2,0))} -> 55 | E100: {=INDEX('崖行動・受け身'!$J$3:$M$115, MATCH($A$1,'崖行動・受け身'!$A$3:$A$115,0), MATCH(E95,'崖行動・受け身'!$J$2:$M$2,0))} -> 21-23 | F100: {=INDEX('崖行動・受け身'!$J$3:$M$115, MATCH($A$1,'崖行動・受け身'!$A$3:$A$115,0), MATCH(F95,'崖行動・受け身'!$J$2:$M$2,0))} -> 9 | G100: =F100*1.2 -> 10.8 | L100: ='テンプレート'!L121 -> 後投げ | M100: 7 | N100: 20
A101: 受け身 | B101: その場 | C101: {=INDEX('崖行動・受け身'!$N$3:$O$115, MATCH($A$1,'崖行動・受け身'!$A$3:$A$115,0), MATCH(C95,'崖行動・受け身'!$N$2:$O$2,0))} -> 1-20 | D101: {=INDEX('崖行動・受け身'!$N$3:$O$115, MATCH($A$1,'崖行動・受け身'!$A$3:$A$115,0), MATCH(D95,'崖行動・受け身'!$N$2:$O$2,0))} -> 26 | L101: ='テンプレート'!L122 -> 上投げ | M101: 8 | N101: 20
B102: 前方 | C102: {=INDEX('崖行動・受け身'!$P$3:$Q$115, MATCH($A$1,'崖行動・受け身'!$A$3:$A$115,0), MATCH(C95,'崖行動・受け身'!$P$2:$Q$2,0))} -> 1-20 | D102: {=INDEX('崖行動・受け身'!$P$3:$Q$115, MATCH($A$1,'崖行動・受け身'!$A$3:$A$115,0), MATCH(D95,'崖行動・受け身'!$P$2:$Q$2,0))} -> 40 | L102: ='テンプレート'!L123 -> 下投げ | M102: 7 | N102: 18
B103: 後方 | C103: {=INDEX('崖行動・受け身'!$R$3:$S$115, MATCH($A$1,'崖行動・受け身'!$A$3:$A$115,0), MATCH(C95,'崖行動・受け身'!$R$2:$S$2,0))} -> 1-20 | D103: {=INDEX('崖行動・受け身'!$R$3:$S$115, MATCH($A$1,'崖行動・受け身'!$A$3:$A$115,0), MATCH(D95,'崖行動・受け身'!$R$2:$S$2,0))} -> 40 | L103: ='テンプレート'!L124 -> ダッシュ | M103: 7 | N103: 35
A104: あお向けダウン | B104: 倒れ | D104: {=INDEX('起きあがり'!$C$3:$C100, MATCH($A$1,'起きあがり'!$A$3:$A$115,0), MATCH(D95,'起きあがり'!$C$2:$AD$2,0))} -> 25 | L104: ='テンプレート'!L125 -> その場捨て | M104: 6 | N104: 23
B105: その場 | C105: {=INDEX('起きあがり'!$D$3:$E100, MATCH($A$1,'起きあがり'!$A$3:$A$115,0), MATCH(C95,'起きあがり'!$D$2:$AD$2,0))} -> 1-22 | D105: {=INDEX('起きあがり'!$D$3:$E100, MATCH($A$1,'起きあがり'!$A$3:$A$115,0), MATCH(D95,'起きあがり'!$D$2:$AD$2,0))} -> 29 | K105: ='テンプレート'!K126 -> 空中投擲 | L105: ='テンプレート'!L126 -> 前投げ | M105: 8 | N105: 20
B106: 前方 | C106: {=INDEX('起きあがり'!$F$3:$G$115, MATCH($A$1,'起きあがり'!$A$3:$A$115,0), MATCH(C95,'起きあがり'!$F$2:$AD$2,0))} -> 1-19 | D106: {=INDEX('起きあがり'!$F$3:$G$115, MATCH($A$1,'起きあがり'!$A$3:$A$115,0), MATCH(D95,'起きあがり'!$F$2:$AD$2,0))} -> 35 | L106: ='テンプレート'!L127 -> 後投げ | M106: 7 | N106: 20
B107: 後方 | C107: {=INDEX('起きあがり'!$H$3:$I$115, MATCH($A$1,'起きあがり'!$A$3:$A$115,0), MATCH(C95,'起きあがり'!$H$2:$AD$2,0))} -> 1-24 | D107: {=INDEX('起きあがり'!$H$3:$I$115, MATCH($A$1,'起きあがり'!$A$3:$A$115,0), MATCH(D95,'起きあがり'!$H$2:$AD$2,0))} -> 35 | L107: ='テンプレート'!L128 -> 上投げ | M107: 8 | N107: 20
B108: 攻撃1 | C108: {=INDEX('起きあがり'!$J$3:$M$115, MATCH($A$1,'起きあがり'!$A$3:$A$115,0), MATCH(C95,'起きあがり'!$J$2:$AD$2,0))} -> 1-21 | D108: {=INDEX('起きあがり'!$J$3:$M$115, MATCH($A$1,'起きあがり'!$A$3:$A$115,0), MATCH(D95,'起きあがり'!$J$2:$AD$2,0))} -> 45 | E108: {=INDEX('起きあがり'!$J$3:$M$115, MATCH($A$1,'起きあがり'!$A$3:$A$115,0), MATCH(E95,'起きあがり'!$J$2:$AD$2,0))} -> 14-15 | F108: {=INDEX('起きあがり'!$J$3:$M$115, MATCH($A$1,'起きあがり'!$A$3:$A$115,0), MATCH(F95,'起きあがり'!$J$2:$AD$2,0))} -> 7 | G108: =F108*1.2 -> 8.4 | L108: ='テンプレート'!L129 -> 下投げ | M108: 8 | N108: 18
B109: 攻撃2 | E109: {=INDEX('起きあがり'!$N$3:$O$115, MATCH($A$1,'起きあがり'!$A$3:$A$115,0), MATCH(E95,'起きあがり'!$N$2:$AD$2,0))} -> 20-21 | F109: {=INDEX('起きあがり'!$N$3:$O$115, MATCH($A$1,'起きあがり'!$A$3:$A$115,0), MATCH(F95,'起きあがり'!$N$2:$AD$2,0))} -> 7 | G109: =F109*1.2 -> 8.4 | K109: ='テンプレート'!K130 -> 踏み台ジャンプ | M109: ='テンプレート'!M130 -> 全体フレーム
A110: うつ伏せダウン | B110: 倒れ | D110: {=INDEX('起きあがり'!$C$3:$C100, MATCH($A$1,'起きあがり'!$A$3:$A$115,0), MATCH(D95,'起きあがり'!$C$2,0))} -> 25 | K110: ='テンプレート'!K131 -> 踏み | L110: ='テンプレート'!L131 -> 踏み | M110: 8
B111: その場 | C111: {=INDEX('起きあがり'!$P$3:$Q$115, MATCH($A$1,'起きあがり'!$A$3:$A$115,0), MATCH(C95,'起きあがり'!$P$2:$AD$2,0))} -> 1-22 | D111: {=INDEX('起きあがり'!$P$3:$Q$115, MATCH($A$1,'起きあがり'!$A$3:$A$115,0), MATCH(D95,'起きあがり'!$P$2:$AD$2,0))} -> 29 | K111: ='テンプレート'!K132 -> 踏まれ | L111: ='テンプレート'!L132 -> 地上踏まれ | M111: -
B112: 前方 | C112: {=INDEX('起きあがり'!$R$3:$S$115, MATCH($A$1,'起きあがり'!$A$3:$A$115,0), MATCH(C95,'起きあがり'!$R$2:$AD$2,0))} -> 1-14 | D112: {=INDEX('起きあがり'!$R$3:$S$115, MATCH($A$1,'起きあがり'!$A$3:$A$115,0), MATCH(D95,'起きあがり'!$R$2:$AD$2,0))} -> 35 | L112: 踏み | M112: 28
B113: 後方 | C113: {=INDEX('起きあがり'!$T$3:$U$115, MATCH($A$1,'起きあがり'!$A$3:$A$115,0), MATCH(C95,'起きあがり'!$T$2:$AD$2,0))} -> 1-29 | D113: {=INDEX('起きあがり'!$T$3:$U$115, MATCH($A$1,'起きあがり'!$A$3:$A$115,0), MATCH(D95,'起きあがり'!$T$2:$AD$2,0))} -> 35 | L113: ='テンプレート'!L134 -> 空中踏まれ | M113: 8
B114: 攻撃1 | C114: {=INDEX('起きあがり'!$V$3:$Y$115, MATCH($A$1,'起きあがり'!$A$3:$A$115,0), MATCH(C95,'起きあがり'!$V$2:$AD$2,0))} -> 1-25 | D114: {=INDEX('起きあがり'!$V$3:$Y$115, MATCH($A$1,'起きあがり'!$A$3:$A$115,0), MATCH(D95,'起きあがり'!$V$2:$AD$2,0))} -> 45 | E114: {=INDEX('起きあがり'!$V$3:$Y$115, MATCH($A$1,'起きあがり'!$A$3:$A$115,0), MATCH(E95,'起きあがり'!$V$2:$AD$2,0))} -> 14-15 | F114: {=INDEX('起きあがり'!$V$3:$Y$115, MATCH($A$1,'起きあがり'!$A$3:$A$115,0), MATCH(F95,'起きあがり'!$V$2:$AD$2,0))} -> 7 | G114: =F114*1.2 -> 8.4 | L114: ='テンプレート'!L135 -> 空中落下 | M114: 40
...

Sheet 6. カービィ
A1: 6 | C1: =IMAGE(VLOOKUP($A$1,Fighters!A2:AI114,12,FALSE),1) -> #REF!
A2: =VLOOKUP($A$1,Fighters!$A$2:$AI$81,6,FALSE) -> #f2c0c4
A3: =VLOOKUP($A$1,Fighters!$A$2:$AI$81,14,FALSE) -> 6. カービィ
A4: =VLOOKUP($A$1,Fighters!$A$2:$AI$81,13,FALSE) -> 0
I6: 最終更新
H8: 44379.843
A15: ='テンプレート'!A15 -> 行動フレーム・能力値
C16: ='テンプレート'!C16 -> 行動フレーム | E16: ='テンプレート'!E16 -> 能力値 | G16: ='テンプレート'!G16 -> 滞空フレーム | K16: ='テンプレート'!K16 -> 能力値その他
A17: ='テンプレート'!A17 -> ジャンプ回数 | B17: 6回 | C17: ='テンプレート'!C17 -> ジャンプ踏切 | D17: {=IF(INDEX('行動フレーム・能力値'!$C$2:$AD$115, MATCH($A$1,'行動フレーム・能力値'!$A$2:$A$115,0), MATCH(C17,'行動フレーム・能力値'!$C$1:$AD$1,0))="-", "-", INDEX('行動フレーム・能力値'!$C$2:$AD$115, MATCH($A$1,'行動フレーム・能力値'!$A$2:$A$115,0), MATCH(C17,'行動フレーム・能力値'!$C$1:$AD$1,0))&"F")} -> 3F | E17: ='テンプレート'!E17 -> 体重 | F17: {=IF(INDEX('行動フレーム・能力値'!$C$2:$AD$115, MATCH($A$1,'行動フレーム・能力値'!$A$2:$A$115,0), MATCH(E17,'行動フレーム・能力値'!$C$1:$AD$1,0))="-", "-", INDEX('行動フレーム・能力値'!$C$2:$AD$115, MATCH($A$1,'行動フレーム・能力値'!$A$2:$A$115,0), MATCH(E17,'行動フレーム・能力値'!$C$1:$AD$1,0))&" ["&INDEX('行動フレーム・能力値'!$C$2:$AD$115, MATCH($A$1,'行動フレーム・能力値'!$A$2:$A$115,0), MATCH(E17,'行動フレーム・能力値'!$C$1:$AD$1,0)-1)&IF(AND(INDEX('行動フレーム・能力値'!$C$2:$AD$115, MATCH($A$1,'行動フレーム・能力値'!$A$2:$A$115,0), MATCH(E17,'行動フレーム・能力値'!$C$1:$AD$1,0)-1)>=11, INDEX('行動フレーム・能力値'!$C$2:$AD$115, MATCH($A$1,'行動フレーム・能力値'!$A$2:$A$115,0), MATCH(E17,'行動フレーム・能力値'!$C$1:$AD$1,0)-1)<=13),"th",CHOOSE(MIN(5,RIGHT(INDEX('行動フレーム・能力値'!$C$2:$AD$115, MATCH($A$1,'行動フレーム・能力値'!$A$2:$A$115,0), MATCH(E17,'行動フレーム・能力値'!$C$1:$AD$1,0)-1))+1),"th","st","nd","rd","th"))&"]")} -> 79 [79th] | G17: ='テンプレート'!G17 -> 小J滞空 | H17: 39F | K17: ='テンプレート'!K17 -> ダッシュ初速 | L17: {=IF(INDEX('能力値その他'!$C$2:$AD$115, MATCH($A$1,'能力値その他'!$A$2:$A$115,0), MATCH(K17,'能力値その他'!$C$1:$AD$1,0))="-", "-", INDEX('能力値その他'!$C$2:$AD$115, MATCH($A$1,'能力値その他'!$A$2:$A$115,0), MATCH(K17,'能力値その他'!$C$1:$AD$1,0))&" ["&INDEX('能力値その他'!$C$2:$AD$115, MATCH($A$1,'能力値その他'!$A$2:$A$115,0), MATCH(K17,'能力値その他'!$C$1:$AD$1,0)-1)&IF(AND(INDEX('能力値その他'!$C$2:$AD$115, MATCH($A$1,'能力値その他'!$A$2:$A$115,0), MATCH(K17,'能力値その他'!$C$1:$AD$1,0)-1)>=11, INDEX('能力値その他'!$C$2:$AD$115, MATCH($A$1,'能力値その他'!$A$2:$A$115,0), MATCH(K17,'能力値その他'!$C$1:$AD$1,0)-1)<=13),"th",CHOOSE(MIN(5,RIGHT(INDEX('能力値その他'!$C$2:$AD$115, MATCH($A$1,'能力値その他'!$A$2:$A$115,0), MATCH(K17,'能力値その他'!$C$1:$AD$1,0)-1))+1),"th","st","nd","rd","th"))&"]")} -> 1.9 [46th] | M17: ='テンプレート'!M17 -> 大J初速 | N17: {=IF(INDEX('能力値その他'!$C$2:$AD$115, MATCH($A$1,'能力値その他'!$A$2:$A$115,0), MATCH(M17,'能力値その他'!$C$1:$AD$1,0))="-", "-", INDEX('能力値その他'!$C$2:$AD$115, MATCH($A$1,'能力値その他'!$A$2:$A$115,0), MATCH(M17,'能力値その他'!$C$1:$AD$1,0))&" ["&INDEX('能力値その他'!$C$2:$AD$115, MATCH($A$1,'能力値その他'!$A$2:$A$115,0), MATCH(M17,'能力値その他'!$C$1:$AD$1,0)-1)&IF(AND(INDEX('能力値その他'!$C$2:$AD$115, MATCH($A$1,'能力値その他'!$A$2:$A$115,0), MATCH(M17,'能力値その他'!$C$1:$AD$1,0)-1)>=11, INDEX('能力値その他'!$C$2:$AD$115, MATCH($A$1,'能力値その他'!$A$2:$A$115,0), MATCH(M17,'能力値その他'!$C$1:$AD$1,0)-1)<=13),"th",CHOOSE(MIN(5,RIGHT(INDEX('能力値その他'!$C$2:$AD$115, MATCH($A$1,'能力値その他'!$A$2:$A$115,0), MATCH(M17,'能力値その他'!$C$1:$AD$1,0)-1))+1),"th","st","nd","rd","th"))&"]")} -> -
A18: ='テンプレート'!A18 -> しゃがみ歩き | B18: FALSE | C18: ='テンプレート'!C18 -> 小着地 | D18: {=IF(INDEX('行動フレーム・能力値'!$C$2:$AD$115, MATCH($A$1,'行動フレーム・能力値'!$A$2:$A$115,0), MATCH(C18,'行動フレーム・能力値'!$C$1:$AD$1,0))="-", "-", INDEX('行動フレーム・能力値'!$C$2:$AD$115, MATCH($A$1,'行動フレーム・能力値'!$A$2:$A$115,0), MATCH(C18,'行動フレーム・能力値'!$C$1:$AD$1,0))&"F")} -> 2F | E18: ='テンプレート'!E18 -> 歩行速度 | F18: {=IF(INDEX('行動フレーム・能力値'!$C$2:$AD$115, MATCH($A$1,'行動フレーム・能力値'!$A$2:$A$115,0), MATCH(E18,'行動フレーム・能力値'!$C$1:$AD$1,0))="-", "-", INDEX('行動フレーム・能力値'!$C$2:$AD$115, MATCH($A$1,'行動フレーム・能力値'!$A$2:$A$115,0), MATCH(E18,'行動フレーム・能力値'!$C$1:$AD$1,0))&" ["&INDEX('行動フレーム・能力値'!$C$2:$AD$115, MATCH($A$1,'行動フレーム・能力値'!$A$2:$A$115,0), MATCH(E18,'行動フレーム・能力値'!$C$1:$AD$1,0)-1)&IF(AND(INDEX('行動フレーム・能力値'!$C$2:$AD$115, MATCH($A$1,'行動フレーム・能力値'!$A$2:$A$115,0), MATCH(E18,'行動フレーム・能力値'!$C$1:$AD$1,0)-1)>=11, INDEX('行動フレーム・能力値'!$C$2:$AD$115, MATCH($A$1,'行動フレーム・能力値'!$A$2:$A$115,0), MATCH(E18,'行動フレーム・能力値'!$C$1:$AD$1,0)-1)<=13),"th",CHOOSE(MIN(5,RIGHT(INDEX('行動フレーム・能力値'!$C$2:$AD$115, MATCH($A$1,'行動フレーム・能力値'!$A$2:$A$115,0), MATCH(E18,'行動フレーム・能力値'!$C$1:$AD$1,0)-1))+1),"th","st","nd","rd","th"))&"]")} -> 0.977 [59th] | G18: ='テンプレート'!G18 -> 大J滞空 | H18: 53F | K18: ='テンプレート'!K18 -> 走行加速 | L18: {=IF(INDEX('能力値その他'!$C$2:$AD$115, MATCH($A$1,'能力値その他'!$A$2:$A$115,0), MATCH(K18,'能力値その他'!$C$1:$AD$1,0))="-", "-", INDEX('能力値その他'!$C$2:$AD$115, MATCH($A$1,'能力値その他'!$A$2:$A$115,0), MATCH(K18,'能力値その他'!$C$1:$AD$1,0))&" ["&INDEX('能力値その他'!$C$2:$AD$115, MATCH($A$1,'能力値その他'!$A$2:$A$115,0), MATCH(K18,'能力値その他'!$C$1:$AD$1,0)-1)&IF(AND(INDEX('能力値その他'!$C$2:$AD$115, MATCH($A$1,'能力値その他'!$A$2:$A$115,0), MATCH(K18,'能力値その他'!$C$1:$AD$1,0)-1)>=11, INDEX('能力値その他'!$C$2:$AD$115, MATCH($A$1,'能力値その他'!$A$2:$A$115,0), MATCH(K18,'能力値その他'!$C$1:$AD$1,0)-1)<=13),"th",CHOOSE(MIN(5,RIGHT(INDEX('能力値その他'!$C$2:$AD$115, MATCH($A$1,'能力値その他'!$A$2:$A$115,0), MATCH(K18,'能力値その他'!$C$1:$AD$1,0)-1))+1),"th","st","nd","rd","th"))&"]")} -> 0.14894 [46th] | M18: ='テンプレート'!M18 -> 大J高度 | N18: {=IF(INDEX('能力値その他'!$C$2:$AD$115, MATCH($A$1,'能力値その他'!$A$2:$A$115,0), MATCH(M18,'能力値その他'!$C$1:$AD$1,0))="-", "-", INDEX('能力値その他'!$C$2:$AD$115, MATCH($A$1,'能力値その他'!$A$2:$A$115,0), MATCH(M18,'能力値その他'!$C$1:$AD$1,0))&" ["&INDEX('能力値その他'!$C$2:$AD$115, MATCH($A$1,'能力値その他'!$A$2:$A$115,0), MATCH(M18,'能力値その他'!$C$1:$AD$1,0)-1)&IF(AND(INDEX('能力値その他'!$C$2:$AD$115, MATCH($A$1,'能力値その他'!$A$2:$A$115,0), MATCH(M18,'能力値その他'!$C$1:$AD$1,0)-1)>=11, INDEX('能力値その他'!$C$2:$AD$115, MATCH($A$1,'能力値その他'!$A$2:$A$115,0), MATCH(M18,'能力値その他'!$C$1:$AD$1,0)-1)<=13),"th",CHOOSE(MIN(5,RIGHT(INDEX('能力値その他'!$C$2:$AD$115, MATCH($A$1,'能力値その他'!$A$2:$A$115,0), MATCH(M18,'能力値その他'!$C$1:$AD$1,0)-1))+1),"th","st","nd","rd","th"))&"]")} -> 25.37 [85th]
A19: ='テンプレート'!A19 -> カベジャンプ | B19: FALSE | C19: ='テンプレート'!C19 -> 大着地 | D19: {=IF(INDEX('行動フレーム・能力値'!$C$2:$AD$115, MATCH($A$1,'行動フレーム・能力値'!$A$2:$A$115,0), MATCH(C19,'行動フレーム・能力値'!$C$1:$AD$1,0))="-", "-", INDEX('行動フレーム・能力値'!$C$2:$AD$115, MATCH($A$1,'行動フレーム・能力値'!$A$2:$A$115,0), MATCH(C19,'行動フレーム・能力値'!$C$1:$AD$1,0))&"F")} -> 4F | E19: ='テンプレート'!E19 -> 走行速度 | F19: {=IF(INDEX('行動フレーム・能力値'!$C$2:$AD$115, MATCH($A$1,'行動フレーム・能力値'!$A$2:$A$115,0), MATCH(E19,'行動フレーム・能力値'!$C$1:$AD$1,0))="-", "-", INDEX('行動フレーム・能力値'!$C$2:$AD$115, MATCH($A$1,'行動フレーム・能力値'!$A$2:$A$115,0), MATCH(E19,'行動フレーム・能力値'!$C$1:$AD$1,0))&" ["&INDEX('行動フレーム・能力値'!$C$2:$AD$115, MATCH($A$1,'行動フレーム・能力値'!$A$2:$A$115,0), MATCH(E19,'行動フレーム・能力値'!$C$1:$AD$1,0)-1)&IF(AND(INDEX('行動フレーム・能力値'!$C$2:$AD$115, MATCH($A$1,'行動フレーム・能力値'!$A$2:$A$115,0), MATCH(E19,'行動フレーム・能力値'!$C$1:$AD$1,0)-1)>=11, INDEX('行動フレーム・能力値'!$C$2:$AD$115, MATCH($A$1,'行動フレーム・能力値'!$A$2:$A$115,0), MATCH(E19,'行動フレーム・能力値'!$C$1:$AD$1,0)-1)<=13),"th",CHOOSE(MIN(5,RIGHT(INDEX('行動フレーム・能力値'!$C$2:$AD$115, MATCH($A$1,'行動フレーム・能力値'!$A$2:$A$115,0), MATCH(E19,'行動フレーム・能力値'!$C$1:$AD$1,0)-1))+1),"th","st","nd","rd","th"))&"]")} -> 1.727 [42nd] | G19: ='テンプレート'!G19 -> 小J急降下滞空 | H19: 26F | K19: ='テンプレート'!K19 -> 地上抵抗 | L19: {=IF(INDEX('能力値その他'!$C$2:$AD$115, MATCH($A$1,'能力値その他'!$A$2:$A$115,0), MATCH(K19,'能力値その他'!$C$1:$AD$1,0))="-", "-", INDEX('能力値その他'!$C$2:$AD$115, MATCH($A$1,'能力値その他'!$A$2:$A$115,0), MATCH(K19,'能力値その他'!$C$1:$AD$1,0))&" ["&INDEX('能力値その他'!$C$2:$AD$115, MATCH($A$1,'能力値その他'!$A$2:$A$115,0), MATCH(K19,'能力値その他'!$C$1:$AD$1,0)-1)&IF(AND(INDEX('能力値その他'!$C$2:$AD$115, MATCH($A$1,'能力値その他'!$A$2:$A$115,0), MATCH(K19,'能力値その他'!$C$1:$AD$1,0)-1)>=11, INDEX('能力値その他'!$C$2:$AD$115, MATCH($A$1,'能力値その他'!$A$2:$A$115,0), MATCH(K19,'能力値その他'!$C$1:$AD$1,0)-1)<=13),"th",CHOOSE(MIN(5,RIGHT(INDEX('能力値その他'!$C$2:$AD$115, MATCH($A$1,'能力値その他'!$A$2:$A$115,0), MATCH(K19,'能力値その他'!$C$1:$AD$1,0)-1))+1),"th","st","nd","rd","th"))&"]")} -> 0.116 [20th] | M19: ='テンプレート'!M19 -> 小J高度 | N19: {=IF(INDEX('能力値その他'!$C$2:$AD$115, MATCH($A$1,'能力値その他'!$A$2:$A$115,0), MATCH(M19,'能力値その他'!$C$1:$AD$1,0))="-", "-", INDEX('能力値その他'!$C$2:$AD$115, MATCH($A$1,'能力値その他'!$A$2:$A$115,0), MATCH(M19,'能力値その他'!$C$1:$AD$1,0))&" ["&INDEX('能力値その他'!$C$2:$AD$115, MATCH($A$1,'能力値その他'!$A$2:$A$115,0), MATCH(M19,'能力値その他'!$C$1:$AD$1,0)-1)&IF(AND(INDEX('能力値その他'!$C$2:$AD$115, MATCH($A$1,'能力値その他'!$A$2:$A$115,0), MATCH(M19,'能力値その他'!$C$1:$AD$1,0)-1)>=11, INDEX('能力値その他'!$C$2:$AD$115, MATCH($A$1,'能力値その他'!$A$2:$A$115,0), MATCH(M19,'能力値その他'!$C$1:$AD$1,0)-1)<=13),"th",CHOOSE(MIN(5,RIGHT(INDEX('能力値その他'!$C$2:$AD$115, MATCH($A$1,'能力値その他'!$A$2:$A$115,0), MATCH(M19,'能力値その他'!$C$1:$AD$1,0)-1))+1),"th","st","nd","rd","th"))&"]")} -> 12.24 [83rd]
A20: ='テンプレート'!A20 -> カベ張りつき | B20: FALSE | C20: 走行移行前F | D20: {=IF(INDEX('行動フレーム・能力値'!$C$2:$AD$115, MATCH($A$1,'行動フレーム・能力値'!$A$2:$A$115,0), MATCH(C20,'行動フレーム・能力値'!$C$1:$AD$1,0))="-", "-", INDEX('行動フレーム・能力値'!$C$2:$AD$115, MATCH($A$1,'行動フレーム・能力値'!$A$2:$A$115,0), MATCH(C20,'行動フレーム・能力値'!$C$1:$AD$1,0))&"F ["&INDEX('行動フレーム・能力値'!$C$2:$AD$115, MATCH($A$1,'行動フレーム・能力値'!$A$2:$A$115,0), MATCH(C20,'行動フレーム・能力値'!$C$1:$AD$1,0)-1)&IF(AND(INDEX('行動フレーム・能力値'!$C$2:$AD$115, MATCH($A$1,'行動フレーム・能力値'!$A$2:$A$115,0), MATCH(C20,'行動フレーム・能力値'!$C$1:$AD$1,0)-1)>=11, INDEX('行動フレーム・能力値'!$C$2:$AD$115, MATCH($A$1,'行動フレーム・能力値'!$A$2:$A$115,0), MATCH(C20,'行動フレーム・能力値'!$C$1:$AD$1,0)-1)<=13),"th",CHOOSE(MIN(5,RIGHT(INDEX('行動フレーム・能力値'!$C$2:$AD$115, MATCH($A$1,'行動フレーム・能力値'!$A$2:$A$115,0), MATCH(C20,'行動フレーム・能力値'!$C$1:$AD$1,0)-1))+1),"th","st","nd","rd","th"))&"]")} -> 12F [62nd] | E20: ='テンプレート'!E20 -> 空中速度 | F20: {=IF(INDEX('行動フレーム・能力値'!$C$2:$AD$115, MATCH($A$1,'行動フレーム・能力値'!$A$2:$A$115,0), MATCH(E20,'行動フレーム・能力値'!$C$1:$AD$1,0))="-", "-", INDEX('行動フレーム・能力値'!$C$2:$AD$115, MATCH($A$1,'行動フレーム・能力値'!$A$2:$A$115,0), MATCH(E20,'行動フレーム・能力値'!$C$1:$AD$1,0))&" ["&INDEX('行動フレーム・能力値'!$C$2:$AD$115, MATCH($A$1,'行動フレーム・能力値'!$A$2:$A$115,0), MATCH(E20,'行動フレーム・能力値'!$C$1:$AD$1,0)-1)&IF(AND(INDEX('行動フレーム・能力値'!$C$2:$AD$115, MATCH($A$1,'行動フレーム・能力値'!$A$2:$A$115,0), MATCH(E20,'行動フレーム・能力値'!$C$1:$AD$1,0)-1)>=11, INDEX('行動フレーム・能力値'!$C$2:$AD$115, MATCH($A$1,'行動フレーム・能力値'!$A$2:$A$115,0), MATCH(E20,'行動フレーム・能力値'!$C$1:$AD$1,0)-1)<=13),"th",CHOOSE(MIN(5,RIGHT(INDEX('行動フレーム・能力値'!$C$2:$AD$115, MATCH($A$1,'行動フレーム・能力値'!$A$2:$A$115,0), MATCH(E20,'行動フレーム・能力値'!$C$1:$AD$1,0)-1))+1),"th","st","nd","rd","th"))&"]")} -> 0.84 [85th] | G20: ='テンプレート'!G20 -> 大J急降下滞空 | H20: 36F | K20: ='テンプレート'!K20 -> 空中加速 | L20: {=IF(INDEX('能力値その他'!$C$2:$AD$115, MATCH($A$1,'能力値その他'!$A$2:$A$115,0), MATCH(K20,'能力値その他'!$C$1:$AD$1,0))="-", "-", INDEX('能力値その他'!$C$2:$AD$115, MATCH($A$1,'能力値その他'!$A$2:$A$115,0), MATCH(K20,'能力値その他'!$C$1:$AD$1,0))&" ["&INDEX('能力値その他'!$C$2:$AD$115, MATCH($A$1,'能力値その他'!$A$2:$A$115,0), MATCH(K20,'能力値その他'!$C$1:$AD$1,0)-1)&IF(AND(INDEX('能力値その他'!$C$2:$AD$115, MATCH($A$1,'能力値その他'!$A$2:$A$115,0), MATCH(K20,'能力値その他'!$C$1:$AD$1,0)-1)>=11, INDEX('能力値その他'!$C$2:$AD$115, MATCH($A$1,'能力値その他'!$A$2:$A$115,0), MATCH(K20,'能力値その他'!$C$1:$AD$1,0)-1)<=13),"th",CHOOSE(MIN(5,RIGHT(INDEX('能力値その他'!$C$2:$AD$115, MATCH($A$1,'能力値その他'!$A$2:$A$115,0), MATCH(K20,'能力値その他'!$C$1:$AD$1,0)-1))+1),"th","st","nd","rd","th"))&"]")} -> 0.095 [16th] | M20: ='テンプレート'!M20 -> 空中J高度 | N20: {=IF(INDEX('能力値その他'!$C$2:$AD$115, MATCH($A$1,'能力値その他'!$A$2:$A$115,0), MATCH(M20,'能力値その他'!$C$1:$AD$1,0))="-", "-", INDEX('能力値その他'!$C$2:$AD$115, MATCH($A$1,'能力値その他'!$A$2:$A$115,0), MATCH(M20,'能力値その他'!$C$1:$AD$1,0))&" ["&INDEX('能力値その他'!$C$2:$AD$115, MATCH($A$1,'能力値その他'!$A$2:$A$115,0), MATCH(M20,'能力値その他'!$C$1:$AD$1,0)-1)&IF(AND(INDEX('能力値その他'!$C$2:$AD$115, MATCH($A$1,'能力値その他'!$A$2:$A$115,0), MATCH(M20,'能力値その他'!$C$1:$AD$1,0)-1)>=11, INDEX('能力値その他'!$C$2:$AD$115, MATCH($A$1,'能力値その他'!$A$2:$A$115,0), MATCH(M20,'能力値その他'!$C$1:$AD$1,0)-1)<=13),"th",CHOOSE(MIN(5,RIGHT(INDEX('能力値その他'!$C$2:$AD$115, MATCH($A$1,'能力値その他'!$A$2:$A$115,0), MATCH(M20,'能力値その他'!$C$1:$AD$1,0)-1))+1),"th","st","nd","rd","th"))&"]")} -> 21.06 [87th]
A21: ='テンプレート'!A21 -> 空中ワイヤー | B21: FALSE | C21: ='テンプレート'!C21 -> ステップ全体F | D21: {=IF(INDEX('行動フレーム・能力値'!$C$2:$AD$115, MATCH($A$1,'行動フレーム・能力値'!$A$2:$A$115,0), MATCH(C21,'行動フレーム・能力値'!$C$1:$AD$1,0))="-", "-", INDEX('行動フレーム・能力値'!$C$2:$AD$115, MATCH($A$1,'行動フレーム・能力値'!$A$2:$A$115,0), MATCH(C21,'行動フレーム・能力値'!$C$1:$AD$1,0))&"F ["&INDEX('行動フレーム・能力値'!$C$2:$AD$115, MATCH($A$1,'行動フレーム・能力値'!$A$2:$A$115,0), MATCH(C21,'行動フレーム・能力値'!$C$1:$AD$1,0)-1)&IF(AND(INDEX('行動フレーム・能力値'!$C$2:$AD$115, MATCH($A$1,'行動フレーム・能力値'!$A$2:$A$115,0), MATCH(C21,'行動フレーム・能力値'!$C$1:$AD$1,0)-1)>=11, INDEX('行動フレーム・能力値'!$C$2:$AD$115, MATCH($A$1,'行動フレーム・能力値'!$A$2:$A$115,0), MATCH(C21,'行動フレーム・能力値'!$C$1:$AD$1,0)-1)<=13),"th",CHOOSE(MIN(5,RIGHT(INDEX('行動フレーム・能力値'!$C$2:$AD$115, MATCH($A$1,'行動フレーム・能力値'!$A$2:$A$115,0), MATCH(C21,'行動フレーム・能力値'!$C$1:$AD$1,0)-1))+1),"th","st","nd","rd","th"))&"]")} -> 17F [5th] | E21: ='テンプレート'!E21 -> 落下速度 | F21: {=IF(INDEX('行動フレーム・能力値'!$C$2:$AD$115, MATCH($A$1,'行動フレーム・能力値'!$A$2:$A$115,0), MATCH(E21,'行動フレーム・能力値'!$C$1:$AD$1,0))="-", "-", INDEX('行動フレーム・能力値'!$C$2:$AD$115, MATCH($A$1,'行動フレーム・能力値'!$A$2:$A$115,0), MATCH(E21,'行動フレーム・能力値'!$C$1:$AD$1,0))&" ["&INDEX('行動フレーム・能力値'!$C$2:$AD$115, MATCH($A$1,'行動フレーム・能力値'!$A$2:$A$115,0), MATCH(E21,'行動フレーム・能力値'!$C$1:$AD$1,0)-1)&IF(AND(INDEX('行動フレーム・能力値'!$C$2:$AD$115, MATCH($A$1,'行動フレーム・能力値'!$A$2:$A$115,0), MATCH(E21,'行動フレーム・能力値'!$C$1:$AD$1,0)-1)>=11, INDEX('行動フレーム・能力値'!$C$2:$AD$115, MATCH($A$1,'行動フレーム・能力値'!$A$2:$A$115,0), MATCH(E21,'行動フレーム・能力値'!$C$1:$AD$1,0)-1)<=13),"th",CHOOSE(MIN(5,RIGHT(INDEX('行動フレーム・能力値'!$C$2:$AD$115, MATCH($A$1,'行動フレーム・能力値'!$A$2:$A$115,0), MATCH(E21,'行動フレーム・能力値'!$C$1:$AD$1,0)-1))+1),"th","st","nd","rd","th"))&"]")} -> 1.23 [85th] | K21: ='テンプレート'!K21 -> 空中抵抗 | L21: {=IF(INDEX('能力値その他'!$C$2:$AD$115, MATCH($A$1,'能力値その他'!$A$2:$A$115,0), MATCH(K21,'能力値その他'!$C$1:$AD$1,0))="-", "-", INDEX('能力値その他'!$C$2:$AD$115, MATCH($A$1,'能力値その他'!$A$2:$A$115,0), MATCH(K21,'能力値その他'!$C$1:$AD$1,0))&" ["&INDEX('能力値その他'!$C$2:$AD$115, MATCH($A$1,'能力値その他'!$A$2:$A$115,0), MATCH(K21,'能力値その他'!$C$1:$AD$1,0)-1)&IF(AND(INDEX('能力値その他'!$C$2:$AD$115, MATCH($A$1,'能力値その他'!$A$2:$A$115,0), MATCH(K21,'能力値その他'!$C$1:$AD$1,0)-1)>=11, INDEX('能力値その他'!$C$2:$AD$115, MATCH($A$1,'能力値その他'!$A$2:$A$115,0), MATCH(K21,'能力値その他'!$C$1:$AD$1,0)-1)<=13),"th",CHOOSE(MIN(5,RIGHT(INDEX('能力値その他'!$C$2:$AD$115, MATCH($A$1,'能力値その他'!$A$2:$A$115,0), MATCH(K21,'能力値その他'!$C$1:$AD$1,0)-1))+1),"th","st","nd","rd","th"))&"]")} -> 0.015 [9th]
E22: ='テンプレート'!E22 -> 急降下速度 | F22: {=IF(INDEX('行動フレーム・能力値'!$C$2:$AD$115, MATCH($A$1,'行動フレーム・能力値'!$A$2:$A$115,0), MATCH(E22,'行動フレーム・能力値'!$C$1:$AD$1,0))="-", "-", INDEX('行動フレーム・能力値'!$C$2:$AD$115, MATCH($A$1,'行動フレーム・能力値'!$A$2:$A$115,0), MATCH(E22,'行動フレーム・能力値'!$C$1:$AD$1,0))&" ["&INDEX('行動フレーム・能力値'!$C$2:$AD$115, MATCH($A$1,'行動フレーム・能力値'!$A$2:$A$115,0), MATCH(E22,'行動フレーム・能力値'!$C$1:$AD$1,0)-1)&IF(AND(INDEX('行動フレーム・能力値'!$C$2:$AD$115, MATCH($A$1,'行動フレーム・能力値'!$A$2:$A$115,0), MATCH(E22,'行動フレーム・能力値'!$C$1:$AD$1,0)-1)>=11, INDEX('行動フレーム・能力値'!$C$2:$AD$115, MATCH($A$1,'行動フレーム・能力値'!$A$2:$A$115,0), MATCH(E22,'行動フレーム・能力値'!$C$1:$AD$1,0)-1)<=13),"th",CHOOSE(MIN(5,RIGHT(INDEX('行動フレーム・能力値'!$C$2:$AD$115, MATCH($A$1,'行動フレーム・能力値'!$A$2:$A$115,0), MATCH(E22,'行動フレーム・能力値'!$C$1:$AD$1,0)-1))+1),"th","st","nd","rd","th"))&"]")} -> 1.968 [85th] | K22: ='テンプレート'!K22 -> 重力 | L22: {=IF(INDEX('能力値その他'!$C$2:$AD$115, MATCH($A$1,'能力値その他'!$A$2:$A$115,0), MATCH(K22,'能力値その他'!$C$1:$AD$1,0))="-", "-", INDEX('能力値その他'!$C$2:$AD$115, MATCH($A$1,'能力値その他'!$A$2:$A$115,0), MATCH(K22,'能力値その他'!$C$1:$AD$1,0))&" ["&INDEX('能力値その他'!$C$2:$AD$115, MATCH($A$1,'能力値その他'!$A$2:$A$115,0), MATCH(K22,'能力値その他'!$C$1:$AD$1,0)-1)&IF(AND(INDEX('能力値その他'!$C$2:$AD$115, MATCH($A$1,'能力値その他'!$A$2:$A$115,0), MATCH(K22,'能力値その他'!$C$1:$AD$1,0)-1)>=11, INDEX('能力値その他'!$C$2:$AD$115, MATCH($A$1,'能力値その他'!$A$2:$A$115,0), MATCH(K22,'能力値その他'!$C$1:$AD$1,0)-1)<=13),"th",CHOOSE(MIN(5,RIGHT(INDEX('能力値その他'!$C$2:$AD$115, MATCH($A$1,'能力値その他'!$A$2:$A$115,0), MATCH(K22,'能力値その他'!$C$1:$AD$1,0)-1))+1),"th","st","nd","rd","th"))&"]")} -> 0.064 [86th]
A24: 地上攻撃
C25: 判定持続 | D25: 全体フレーム | E25: 基礎ダメージ | F25: ダメージ (1v1) | G25: ガード硬直 | H25: 備考 | K25: ='テンプレート'!K25 -> ベクトル | L25: ='テンプレート'!L25 -> KBG (R.E.) | M25: ='テンプレート'!M25 -> BKB (R.A.) | N25: ='テンプレート'!N25 -> FKB (R.F.) | O25: ='テンプレート'!O25 -> 盾削り値 | P25: ='テンプレート'!P25 -> ﾋｯﾄｽﾄｯﾌﾟ | Q25: ='テンプレート'!Q25 -> ずらし | U25: 慣性消去
